index,context,answer
533,"On January 7, 2012, Beyoncé gave birth to her first child, a daughter, Blue Ivy Carter, at Lenox Hill Hospital in New York. Five months later, she performed for four nights at Revel Atlantic City's Ovation Hall to celebrate the resort's opening, her first performances since giving birth to Blue Ivy.","January 7, 2012"
534,"On January 7, 2012, Beyoncé gave birth to her first child, a daughter, Blue Ivy Carter, at Lenox Hill Hospital in New York. Five months later, she performed for four nights at Revel Atlantic City's Ovation Hall to celebrate the resort's opening, her first performances since giving birth to Blue Ivy.",Blue Ivy Carter
535,"On January 7, 2012, Beyoncé gave birth to her first child, a daughter, Blue Ivy Carter, at Lenox Hill Hospital in New York. Five months later, she performed for four nights at Revel Atlantic City's Ovation Hall to celebrate the resort's opening, her first performances since giving birth to Blue Ivy.",Lenox Hill Hospital in New York.
536,"On January 7, 2012, Beyoncé gave birth to her first child, a daughter, Blue Ivy Carter, at Lenox Hill Hospital in New York. Five months later, she performed for four nights at Revel Atlantic City's Ovation Hall to celebrate the resort's opening, her first performances since giving birth to Blue Ivy.",Revel Atlantic City's Ovation Hall
537,"On January 7, 2012, Beyoncé gave birth to her first child, a daughter, Blue Ivy Carter, at Lenox Hill Hospital in New York. Five months later, she performed for four nights at Revel Atlantic City's Ovation Hall to celebrate the resort's opening, her first performances since giving birth to Blue Ivy.",four
538,"In January 2013, Destiny's Child released Love Songs, a compilation album of the romance-themed songs from their previous albums and a newly recorded track, ""Nuclear"". Beyoncé performed the American national anthem singing along with a pre-recorded track at President Obama's second inauguration in Washington, D.C. The following month, Beyoncé performed at the Super Bowl XLVII halftime show, held at the Mercedes-Benz Superdome in New Orleans. The performance stands as the second most tweeted about moment in history at 268,000 tweets per minute. At the 55th Annual Grammy Awards, Beyoncé won for Best Traditional R&B Performance for ""Love on Top"". Her feature-length documentary film, Life Is But a Dream, first aired on HBO on February 16, 2013. The film, which she directed and produced herself, featured footage from her childhood, her as a mother and businesswoman, recording, rehearsing for live performances, and her return to the spotlight following Blue Ivy's birth. Its DVD release in November 2013 was accompanied by footage from the Revel Presents: Beyoncé Live concerts and a new song, ""God Made You Beautiful"". In February 2013, Beyoncé signed a global publishing agreement with Warner/Chappell Music, which would cover her future songwriting and then-upcoming studio album.",romance
539,"In January 2013, Destiny's Child released Love Songs, a compilation album of the romance-themed songs from their previous albums and a newly recorded track, ""Nuclear"". Beyoncé performed the American national anthem singing along with a pre-recorded track at President Obama's second inauguration in Washington, D.C. The following month, Beyoncé performed at the Super Bowl XLVII halftime show, held at the Mercedes-Benz Superdome in New Orleans. The performance stands as the second most tweeted about moment in history at 268,000 tweets per minute. At the 55th Annual Grammy Awards, Beyoncé won for Best Traditional R&B Performance for ""Love on Top"". Her feature-length documentary film, Life Is But a Dream, first aired on HBO on February 16, 2013. The film, which she directed and produced herself, featured footage from her childhood, her as a mother and businesswoman, recording, rehearsing for live performances, and her return to the spotlight following Blue Ivy's birth. Its DVD release in November 2013 was accompanied by footage from the Revel Presents: Beyoncé Live concerts and a new song, ""God Made You Beautiful"". In February 2013, Beyoncé signed a global publishing agreement with Warner/Chappell Music, which would cover her future songwriting and then-upcoming studio album.",Life Is But a Dream
540,"In January 2013, Destiny's Child released Love Songs, a compilation album of the romance-themed songs from their previous albums and a newly recorded track, ""Nuclear"". Beyoncé performed the American national anthem singing along with a pre-recorded track at President Obama's second inauguration in Washington, D.C. The following month, Beyoncé performed at the Super Bowl XLVII halftime show, held at the Mercedes-Benz Superdome in New Orleans. The performance stands as the second most tweeted about moment in history at 268,000 tweets per minute. At the 55th Annual Grammy Awards, Beyoncé won for Best Traditional R&B Performance for ""Love on Top"". Her feature-length documentary film, Life Is But a Dream, first aired on HBO on February 16, 2013. The film, which she directed and produced herself, featured footage from her childhood, her as a mother and businesswoman, recording, rehearsing for live performances, and her return to the spotlight following Blue Ivy's birth. Its DVD release in November 2013 was accompanied by footage from the Revel Presents: Beyoncé Live concerts and a new song, ""God Made You Beautiful"". In February 2013, Beyoncé signed a global publishing agreement with Warner/Chappell Music, which would cover her future songwriting and then-upcoming studio album.",global publishing agreement
541,"In January 2013, Destiny's Child released Love Songs, a compilation album of the romance-themed songs from their previous albums and a newly recorded track, ""Nuclear"". Beyoncé performed the American national anthem singing along with a pre-recorded track at President Obama's second inauguration in Washington, D.C. The following month, Beyoncé performed at the Super Bowl XLVII halftime show, held at the Mercedes-Benz Superdome in New Orleans. The performance stands as the second most tweeted about moment in history at 268,000 tweets per minute. At the 55th Annual Grammy Awards, Beyoncé won for Best Traditional R&B Performance for ""Love on Top"". Her feature-length documentary film, Life Is But a Dream, first aired on HBO on February 16, 2013. The film, which she directed and produced herself, featured footage from her childhood, her as a mother and businesswoman, recording, rehearsing for live performances, and her return to the spotlight following Blue Ivy's birth. Its DVD release in November 2013 was accompanied by footage from the Revel Presents: Beyoncé Live concerts and a new song, ""God Made You Beautiful"". In February 2013, Beyoncé signed a global publishing agreement with Warner/Chappell Music, which would cover her future songwriting and then-upcoming studio album.",January 2013
542,"In January 2013, Destiny's Child released Love Songs, a compilation album of the romance-themed songs from their previous albums and a newly recorded track, ""Nuclear"". Beyoncé performed the American national anthem singing along with a pre-recorded track at President Obama's second inauguration in Washington, D.C. The following month, Beyoncé performed at the Super Bowl XLVII halftime show, held at the Mercedes-Benz Superdome in New Orleans. The performance stands as the second most tweeted about moment in history at 268,000 tweets per minute. At the 55th Annual Grammy Awards, Beyoncé won for Best Traditional R&B Performance for ""Love on Top"". Her feature-length documentary film, Life Is But a Dream, first aired on HBO on February 16, 2013. The film, which she directed and produced herself, featured footage from her childhood, her as a mother and businesswoman, recording, rehearsing for live performances, and her return to the spotlight following Blue Ivy's birth. Its DVD release in November 2013 was accompanied by footage from the Revel Presents: Beyoncé Live concerts and a new song, ""God Made You Beautiful"". In February 2013, Beyoncé signed a global publishing agreement with Warner/Chappell Music, which would cover her future songwriting and then-upcoming studio album.",Nuclear
543,"In January 2013, Destiny's Child released Love Songs, a compilation album of the romance-themed songs from their previous albums and a newly recorded track, ""Nuclear"". Beyoncé performed the American national anthem singing along with a pre-recorded track at President Obama's second inauguration in Washington, D.C. The following month, Beyoncé performed at the Super Bowl XLVII halftime show, held at the Mercedes-Benz Superdome in New Orleans. The performance stands as the second most tweeted about moment in history at 268,000 tweets per minute. At the 55th Annual Grammy Awards, Beyoncé won for Best Traditional R&B Performance for ""Love on Top"". Her feature-length documentary film, Life Is But a Dream, first aired on HBO on February 16, 2013. The film, which she directed and produced herself, featured footage from her childhood, her as a mother and businesswoman, recording, rehearsing for live performances, and her return to the spotlight following Blue Ivy's birth. Its DVD release in November 2013 was accompanied by footage from the Revel Presents: Beyoncé Live concerts and a new song, ""God Made You Beautiful"". In February 2013, Beyoncé signed a global publishing agreement with Warner/Chappell Music, which would cover her future songwriting and then-upcoming studio album.",President Obama
544,"In January 2013, Destiny's Child released Love Songs, a compilation album of the romance-themed songs from their previous albums and a newly recorded track, ""Nuclear"". Beyoncé performed the American national anthem singing along with a pre-recorded track at President Obama's second inauguration in Washington, D.C. The following month, Beyoncé performed at the Super Bowl XLVII halftime show, held at the Mercedes-Benz Superdome in New Orleans. The performance stands as the second most tweeted about moment in history at 268,000 tweets per minute. At the 55th Annual Grammy Awards, Beyoncé won for Best Traditional R&B Performance for ""Love on Top"". Her feature-length documentary film, Life Is But a Dream, first aired on HBO on February 16, 2013. The film, which she directed and produced herself, featured footage from her childhood, her as a mother and businesswoman, recording, rehearsing for live performances, and her return to the spotlight following Blue Ivy's birth. Its DVD release in November 2013 was accompanied by footage from the Revel Presents: Beyoncé Live concerts and a new song, ""God Made You Beautiful"". In February 2013, Beyoncé signed a global publishing agreement with Warner/Chappell Music, which would cover her future songwriting and then-upcoming studio album.","268,000 tweets per minute"
545,"In January 2013, Destiny's Child released Love Songs, a compilation album of the romance-themed songs from their previous albums and a newly recorded track, ""Nuclear"". Beyoncé performed the American national anthem singing along with a pre-recorded track at President Obama's second inauguration in Washington, D.C. The following month, Beyoncé performed at the Super Bowl XLVII halftime show, held at the Mercedes-Benz Superdome in New Orleans. The performance stands as the second most tweeted about moment in history at 268,000 tweets per minute. At the 55th Annual Grammy Awards, Beyoncé won for Best Traditional R&B Performance for ""Love on Top"". Her feature-length documentary film, Life Is But a Dream, first aired on HBO on February 16, 2013. The film, which she directed and produced herself, featured footage from her childhood, her as a mother and businesswoman, recording, rehearsing for live performances, and her return to the spotlight following Blue Ivy's birth. Its DVD release in November 2013 was accompanied by footage from the Revel Presents: Beyoncé Live concerts and a new song, ""God Made You Beautiful"". In February 2013, Beyoncé signed a global publishing agreement with Warner/Chappell Music, which would cover her future songwriting and then-upcoming studio album.",January 2013
546,"In January 2013, Destiny's Child released Love Songs, a compilation album of the romance-themed songs from their previous albums and a newly recorded track, ""Nuclear"". Beyoncé performed the American national anthem singing along with a pre-recorded track at President Obama's second inauguration in Washington, D.C. The following month, Beyoncé performed at the Super Bowl XLVII halftime show, held at the Mercedes-Benz Superdome in New Orleans. The performance stands as the second most tweeted about moment in history at 268,000 tweets per minute. At the 55th Annual Grammy Awards, Beyoncé won for Best Traditional R&B Performance for ""Love on Top"". Her feature-length documentary film, Life Is But a Dream, first aired on HBO on February 16, 2013. The film, which she directed and produced herself, featured footage from her childhood, her as a mother and businesswoman, recording, rehearsing for live performances, and her return to the spotlight following Blue Ivy's birth. Its DVD release in November 2013 was accompanied by footage from the Revel Presents: Beyoncé Live concerts and a new song, ""God Made You Beautiful"". In February 2013, Beyoncé signed a global publishing agreement with Warner/Chappell Music, which would cover her future songwriting and then-upcoming studio album.",Nuclear
547,"In January 2013, Destiny's Child released Love Songs, a compilation album of the romance-themed songs from their previous albums and a newly recorded track, ""Nuclear"". Beyoncé performed the American national anthem singing along with a pre-recorded track at President Obama's second inauguration in Washington, D.C. The following month, Beyoncé performed at the Super Bowl XLVII halftime show, held at the Mercedes-Benz Superdome in New Orleans. The performance stands as the second most tweeted about moment in history at 268,000 tweets per minute. At the 55th Annual Grammy Awards, Beyoncé won for Best Traditional R&B Performance for ""Love on Top"". Her feature-length documentary film, Life Is But a Dream, first aired on HBO on February 16, 2013. The film, which she directed and produced herself, featured footage from her childhood, her as a mother and businesswoman, recording, rehearsing for live performances, and her return to the spotlight following Blue Ivy's birth. Its DVD release in November 2013 was accompanied by footage from the Revel Presents: Beyoncé Live concerts and a new song, ""God Made You Beautiful"". In February 2013, Beyoncé signed a global publishing agreement with Warner/Chappell Music, which would cover her future songwriting and then-upcoming studio album.",the American national anthem
548,"In January 2013, Destiny's Child released Love Songs, a compilation album of the romance-themed songs from their previous albums and a newly recorded track, ""Nuclear"". Beyoncé performed the American national anthem singing along with a pre-recorded track at President Obama's second inauguration in Washington, D.C. The following month, Beyoncé performed at the Super Bowl XLVII halftime show, held at the Mercedes-Benz Superdome in New Orleans. The performance stands as the second most tweeted about moment in history at 268,000 tweets per minute. At the 55th Annual Grammy Awards, Beyoncé won for Best Traditional R&B Performance for ""Love on Top"". Her feature-length documentary film, Life Is But a Dream, first aired on HBO on February 16, 2013. The film, which she directed and produced herself, featured footage from her childhood, her as a mother and businesswoman, recording, rehearsing for live performances, and her return to the spotlight following Blue Ivy's birth. Its DVD release in November 2013 was accompanied by footage from the Revel Presents: Beyoncé Live concerts and a new song, ""God Made You Beautiful"". In February 2013, Beyoncé signed a global publishing agreement with Warner/Chappell Music, which would cover her future songwriting and then-upcoming studio album.",Super Bowl XLVII halftime show
549,"In January 2013, Destiny's Child released Love Songs, a compilation album of the romance-themed songs from their previous albums and a newly recorded track, ""Nuclear"". Beyoncé performed the American national anthem singing along with a pre-recorded track at President Obama's second inauguration in Washington, D.C. The following month, Beyoncé performed at the Super Bowl XLVII halftime show, held at the Mercedes-Benz Superdome in New Orleans. The performance stands as the second most tweeted about moment in history at 268,000 tweets per minute. At the 55th Annual Grammy Awards, Beyoncé won for Best Traditional R&B Performance for ""Love on Top"". Her feature-length documentary film, Life Is But a Dream, first aired on HBO on February 16, 2013. The film, which she directed and produced herself, featured footage from her childhood, her as a mother and businesswoman, recording, rehearsing for live performances, and her return to the spotlight following Blue Ivy's birth. Its DVD release in November 2013 was accompanied by footage from the Revel Presents: Beyoncé Live concerts and a new song, ""God Made You Beautiful"". In February 2013, Beyoncé signed a global publishing agreement with Warner/Chappell Music, which would cover her future songwriting and then-upcoming studio album.",Life Is But a Dream
550,"Beyoncé embarked on The Mrs. Carter Show World Tour on April 15 in Belgrade, Serbia; the tour included 132 dates that ran through to March 2014. It became the most successful tour of her career and one of the most-successful tours of all time. In May, Beyoncé's cover of Amy Winehouse's ""Back to Black"" with André 3000 on The Great Gatsby soundtrack was released. She was also honorary chair of the 2013 Met Gala. Beyoncé voiced Queen Tara in the 3D CGI animated film, Epic, released by 20th Century Fox on May 24, and recorded an original song for the film, ""Rise Up"", co-written with Sia.",132
551,"Beyoncé embarked on The Mrs. Carter Show World Tour on April 15 in Belgrade, Serbia; the tour included 132 dates that ran through to March 2014. It became the most successful tour of her career and one of the most-successful tours of all time. In May, Beyoncé's cover of Amy Winehouse's ""Back to Black"" with André 3000 on The Great Gatsby soundtrack was released. She was also honorary chair of the 2013 Met Gala. Beyoncé voiced Queen Tara in the 3D CGI animated film, Epic, released by 20th Century Fox on May 24, and recorded an original song for the film, ""Rise Up"", co-written with Sia.",The Mrs. Carter Show
552,"Beyoncé embarked on The Mrs. Carter Show World Tour on April 15 in Belgrade, Serbia; the tour included 132 dates that ran through to March 2014. It became the most successful tour of her career and one of the most-successful tours of all time. In May, Beyoncé's cover of Amy Winehouse's ""Back to Black"" with André 3000 on The Great Gatsby soundtrack was released. She was also honorary chair of the 2013 Met Gala. Beyoncé voiced Queen Tara in the 3D CGI animated film, Epic, released by 20th Century Fox on May 24, and recorded an original song for the film, ""Rise Up"", co-written with Sia.",Rise Up
553,"Beyoncé embarked on The Mrs. Carter Show World Tour on April 15 in Belgrade, Serbia; the tour included 132 dates that ran through to March 2014. It became the most successful tour of her career and one of the most-successful tours of all time. In May, Beyoncé's cover of Amy Winehouse's ""Back to Black"" with André 3000 on The Great Gatsby soundtrack was released. She was also honorary chair of the 2013 Met Gala. Beyoncé voiced Queen Tara in the 3D CGI animated film, Epic, released by 20th Century Fox on May 24, and recorded an original song for the film, ""Rise Up"", co-written with Sia.",Epic
554,"Beyoncé embarked on The Mrs. Carter Show World Tour on April 15 in Belgrade, Serbia; the tour included 132 dates that ran through to March 2014. It became the most successful tour of her career and one of the most-successful tours of all time. In May, Beyoncé's cover of Amy Winehouse's ""Back to Black"" with André 3000 on The Great Gatsby soundtrack was released. She was also honorary chair of the 2013 Met Gala. Beyoncé voiced Queen Tara in the 3D CGI animated film, Epic, released by 20th Century Fox on May 24, and recorded an original song for the film, ""Rise Up"", co-written with Sia.",April 15
555,"Beyoncé embarked on The Mrs. Carter Show World Tour on April 15 in Belgrade, Serbia; the tour included 132 dates that ran through to March 2014. It became the most successful tour of her career and one of the most-successful tours of all time. In May, Beyoncé's cover of Amy Winehouse's ""Back to Black"" with André 3000 on The Great Gatsby soundtrack was released. She was also honorary chair of the 2013 Met Gala. Beyoncé voiced Queen Tara in the 3D CGI animated film, Epic, released by 20th Century Fox on May 24, and recorded an original song for the film, ""Rise Up"", co-written with Sia.",2013 Met Gala
556,"Beyoncé embarked on The Mrs. Carter Show World Tour on April 15 in Belgrade, Serbia; the tour included 132 dates that ran through to March 2014. It became the most successful tour of her career and one of the most-successful tours of all time. In May, Beyoncé's cover of Amy Winehouse's ""Back to Black"" with André 3000 on The Great Gatsby soundtrack was released. She was also honorary chair of the 2013 Met Gala. Beyoncé voiced Queen Tara in the 3D CGI animated film, Epic, released by 20th Century Fox on May 24, and recorded an original song for the film, ""Rise Up"", co-written with Sia.",Queen Tara
557,"Beyoncé embarked on The Mrs. Carter Show World Tour on April 15 in Belgrade, Serbia; the tour included 132 dates that ran through to March 2014. It became the most successful tour of her career and one of the most-successful tours of all time. In May, Beyoncé's cover of Amy Winehouse's ""Back to Black"" with André 3000 on The Great Gatsby soundtrack was released. She was also honorary chair of the 2013 Met Gala. Beyoncé voiced Queen Tara in the 3D CGI animated film, Epic, released by 20th Century Fox on May 24, and recorded an original song for the film, ""Rise Up"", co-written with Sia.",Rise Up
558,"Beyoncé embarked on The Mrs. Carter Show World Tour on April 15 in Belgrade, Serbia; the tour included 132 dates that ran through to March 2014. It became the most successful tour of her career and one of the most-successful tours of all time. In May, Beyoncé's cover of Amy Winehouse's ""Back to Black"" with André 3000 on The Great Gatsby soundtrack was released. She was also honorary chair of the 2013 Met Gala. Beyoncé voiced Queen Tara in the 3D CGI animated film, Epic, released by 20th Century Fox on May 24, and recorded an original song for the film, ""Rise Up"", co-written with Sia.",The Mrs. Carter Show World Tour
559,"Beyoncé embarked on The Mrs. Carter Show World Tour on April 15 in Belgrade, Serbia; the tour included 132 dates that ran through to March 2014. It became the most successful tour of her career and one of the most-successful tours of all time. In May, Beyoncé's cover of Amy Winehouse's ""Back to Black"" with André 3000 on The Great Gatsby soundtrack was released. She was also honorary chair of the 2013 Met Gala. Beyoncé voiced Queen Tara in the 3D CGI animated film, Epic, released by 20th Century Fox on May 24, and recorded an original song for the film, ""Rise Up"", co-written with Sia.",132
560,"Beyoncé embarked on The Mrs. Carter Show World Tour on April 15 in Belgrade, Serbia; the tour included 132 dates that ran through to March 2014. It became the most successful tour of her career and one of the most-successful tours of all time. In May, Beyoncé's cover of Amy Winehouse's ""Back to Black"" with André 3000 on The Great Gatsby soundtrack was released. She was also honorary chair of the 2013 Met Gala. Beyoncé voiced Queen Tara in the 3D CGI animated film, Epic, released by 20th Century Fox on May 24, and recorded an original song for the film, ""Rise Up"", co-written with Sia.",Back to Black
561,"Beyoncé embarked on The Mrs. Carter Show World Tour on April 15 in Belgrade, Serbia; the tour included 132 dates that ran through to March 2014. It became the most successful tour of her career and one of the most-successful tours of all time. In May, Beyoncé's cover of Amy Winehouse's ""Back to Black"" with André 3000 on The Great Gatsby soundtrack was released. She was also honorary chair of the 2013 Met Gala. Beyoncé voiced Queen Tara in the 3D CGI animated film, Epic, released by 20th Century Fox on May 24, and recorded an original song for the film, ""Rise Up"", co-written with Sia.",Met Gala.
562,"Beyoncé embarked on The Mrs. Carter Show World Tour on April 15 in Belgrade, Serbia; the tour included 132 dates that ran through to March 2014. It became the most successful tour of her career and one of the most-successful tours of all time. In May, Beyoncé's cover of Amy Winehouse's ""Back to Black"" with André 3000 on The Great Gatsby soundtrack was released. She was also honorary chair of the 2013 Met Gala. Beyoncé voiced Queen Tara in the 3D CGI animated film, Epic, released by 20th Century Fox on May 24, and recorded an original song for the film, ""Rise Up"", co-written with Sia.",Queen Tara
563,"On December 13, 2013, Beyoncé unexpectedly released her eponymous fifth studio album on the iTunes Store without any prior announcement or promotion. The album debuted atop the Billboard 200 chart, giving Beyoncé her fifth consecutive number-one album in the US. This made her the first woman in the chart's history to have her first five studio albums debut at number one. Beyoncé received critical acclaim and commercial success, selling one million digital copies worldwide in six days; The New York Times noted the album's unconventional, unexpected release as significant. Musically an electro-R&B album, it concerns darker themes previously unexplored in her work, such as ""bulimia, postnatal depression [and] the fears and insecurities of marriage and motherhood"". The single ""Drunk in Love"", featuring Jay Z, peaked at number two on the Billboard Hot 100 chart. In April 2014, after much speculation in the weeks before, Beyoncé and Jay Z officially announced their On the Run Tour. It served as the couple's first co-headlining stadium tour together. On August 24, 2014, she received the Video Vanguard Award at the 2014 MTV Video Music Awards. Knowles also took home three competitive awards: Best Video with a Social Message and Best Cinematography for ""Pretty Hurts"", as well as best collaboration for ""Drunk in Love"". In November, Forbes reported that Beyoncé was the top-earning woman in music for the second year in a row—earning $115 million in the year, more than double her earnings in 2013. Beyoncé was reissued with new material in three forms: as an extended play, a box set, as well as a full platinum edition.",the iTunes Store
564,"On December 13, 2013, Beyoncé unexpectedly released her eponymous fifth studio album on the iTunes Store without any prior announcement or promotion. The album debuted atop the Billboard 200 chart, giving Beyoncé her fifth consecutive number-one album in the US. This made her the first woman in the chart's history to have her first five studio albums debut at number one. Beyoncé received critical acclaim and commercial success, selling one million digital copies worldwide in six days; The New York Times noted the album's unconventional, unexpected release as significant. Musically an electro-R&B album, it concerns darker themes previously unexplored in her work, such as ""bulimia, postnatal depression [and] the fears and insecurities of marriage and motherhood"". The single ""Drunk in Love"", featuring Jay Z, peaked at number two on the Billboard Hot 100 chart. In April 2014, after much speculation in the weeks before, Beyoncé and Jay Z officially announced their On the Run Tour. It served as the couple's first co-headlining stadium tour together. On August 24, 2014, she received the Video Vanguard Award at the 2014 MTV Video Music Awards. Knowles also took home three competitive awards: Best Video with a Social Message and Best Cinematography for ""Pretty Hurts"", as well as best collaboration for ""Drunk in Love"". In November, Forbes reported that Beyoncé was the top-earning woman in music for the second year in a row—earning $115 million in the year, more than double her earnings in 2013. Beyoncé was reissued with new material in three forms: as an extended play, a box set, as well as a full platinum edition.","December 13, 2013"
565,"On December 13, 2013, Beyoncé unexpectedly released her eponymous fifth studio album on the iTunes Store without any prior announcement or promotion. The album debuted atop the Billboard 200 chart, giving Beyoncé her fifth consecutive number-one album in the US. This made her the first woman in the chart's history to have her first five studio albums debut at number one. Beyoncé received critical acclaim and commercial success, selling one million digital copies worldwide in six days; The New York Times noted the album's unconventional, unexpected release as significant. Musically an electro-R&B album, it concerns darker themes previously unexplored in her work, such as ""bulimia, postnatal depression [and] the fears and insecurities of marriage and motherhood"". The single ""Drunk in Love"", featuring Jay Z, peaked at number two on the Billboard Hot 100 chart. In April 2014, after much speculation in the weeks before, Beyoncé and Jay Z officially announced their On the Run Tour. It served as the couple's first co-headlining stadium tour together. On August 24, 2014, she received the Video Vanguard Award at the 2014 MTV Video Music Awards. Knowles also took home three competitive awards: Best Video with a Social Message and Best Cinematography for ""Pretty Hurts"", as well as best collaboration for ""Drunk in Love"". In November, Forbes reported that Beyoncé was the top-earning woman in music for the second year in a row—earning $115 million in the year, more than double her earnings in 2013. Beyoncé was reissued with new material in three forms: as an extended play, a box set, as well as a full platinum edition.",the iTunes Store
566,"On December 13, 2013, Beyoncé unexpectedly released her eponymous fifth studio album on the iTunes Store without any prior announcement or promotion. The album debuted atop the Billboard 200 chart, giving Beyoncé her fifth consecutive number-one album in the US. This made her the first woman in the chart's history to have her first five studio albums debut at number one. Beyoncé received critical acclaim and commercial success, selling one million digital copies worldwide in six days; The New York Times noted the album's unconventional, unexpected release as significant. Musically an electro-R&B album, it concerns darker themes previously unexplored in her work, such as ""bulimia, postnatal depression [and] the fears and insecurities of marriage and motherhood"". The single ""Drunk in Love"", featuring Jay Z, peaked at number two on the Billboard Hot 100 chart. In April 2014, after much speculation in the weeks before, Beyoncé and Jay Z officially announced their On the Run Tour. It served as the couple's first co-headlining stadium tour together. On August 24, 2014, she received the Video Vanguard Award at the 2014 MTV Video Music Awards. Knowles also took home three competitive awards: Best Video with a Social Message and Best Cinematography for ""Pretty Hurts"", as well as best collaboration for ""Drunk in Love"". In November, Forbes reported that Beyoncé was the top-earning woman in music for the second year in a row—earning $115 million in the year, more than double her earnings in 2013. Beyoncé was reissued with new material in three forms: as an extended play, a box set, as well as a full platinum edition.",Jay Z
567,"On December 13, 2013, Beyoncé unexpectedly released her eponymous fifth studio album on the iTunes Store without any prior announcement or promotion. The album debuted atop the Billboard 200 chart, giving Beyoncé her fifth consecutive number-one album in the US. This made her the first woman in the chart's history to have her first five studio albums debut at number one. Beyoncé received critical acclaim and commercial success, selling one million digital copies worldwide in six days; The New York Times noted the album's unconventional, unexpected release as significant. Musically an electro-R&B album, it concerns darker themes previously unexplored in her work, such as ""bulimia, postnatal depression [and] the fears and insecurities of marriage and motherhood"". The single ""Drunk in Love"", featuring Jay Z, peaked at number two on the Billboard Hot 100 chart. In April 2014, after much speculation in the weeks before, Beyoncé and Jay Z officially announced their On the Run Tour. It served as the couple's first co-headlining stadium tour together. On August 24, 2014, she received the Video Vanguard Award at the 2014 MTV Video Music Awards. Knowles also took home three competitive awards: Best Video with a Social Message and Best Cinematography for ""Pretty Hurts"", as well as best collaboration for ""Drunk in Love"". In November, Forbes reported that Beyoncé was the top-earning woman in music for the second year in a row—earning $115 million in the year, more than double her earnings in 2013. Beyoncé was reissued with new material in three forms: as an extended play, a box set, as well as a full platinum edition.",Forbes
568,"On December 13, 2013, Beyoncé unexpectedly released her eponymous fifth studio album on the iTunes Store without any prior announcement or promotion. The album debuted atop the Billboard 200 chart, giving Beyoncé her fifth consecutive number-one album in the US. This made her the first woman in the chart's history to have her first five studio albums debut at number one. Beyoncé received critical acclaim and commercial success, selling one million digital copies worldwide in six days; The New York Times noted the album's unconventional, unexpected release as significant. Musically an electro-R&B album, it concerns darker themes previously unexplored in her work, such as ""bulimia, postnatal depression [and] the fears and insecurities of marriage and motherhood"". The single ""Drunk in Love"", featuring Jay Z, peaked at number two on the Billboard Hot 100 chart. In April 2014, after much speculation in the weeks before, Beyoncé and Jay Z officially announced their On the Run Tour. It served as the couple's first co-headlining stadium tour together. On August 24, 2014, she received the Video Vanguard Award at the 2014 MTV Video Music Awards. Knowles also took home three competitive awards: Best Video with a Social Message and Best Cinematography for ""Pretty Hurts"", as well as best collaboration for ""Drunk in Love"". In November, Forbes reported that Beyoncé was the top-earning woman in music for the second year in a row—earning $115 million in the year, more than double her earnings in 2013. Beyoncé was reissued with new material in three forms: as an extended play, a box set, as well as a full platinum edition.",more than double her earnings
569,"On December 13, 2013, Beyoncé unexpectedly released her eponymous fifth studio album on the iTunes Store without any prior announcement or promotion. The album debuted atop the Billboard 200 chart, giving Beyoncé her fifth consecutive number-one album in the US. This made her the first woman in the chart's history to have her first five studio albums debut at number one. Beyoncé received critical acclaim and commercial success, selling one million digital copies worldwide in six days; The New York Times noted the album's unconventional, unexpected release as significant. Musically an electro-R&B album, it concerns darker themes previously unexplored in her work, such as ""bulimia, postnatal depression [and] the fears and insecurities of marriage and motherhood"". The single ""Drunk in Love"", featuring Jay Z, peaked at number two on the Billboard Hot 100 chart. In April 2014, after much speculation in the weeks before, Beyoncé and Jay Z officially announced their On the Run Tour. It served as the couple's first co-headlining stadium tour together. On August 24, 2014, she received the Video Vanguard Award at the 2014 MTV Video Music Awards. Knowles also took home three competitive awards: Best Video with a Social Message and Best Cinematography for ""Pretty Hurts"", as well as best collaboration for ""Drunk in Love"". In November, Forbes reported that Beyoncé was the top-earning woman in music for the second year in a row—earning $115 million in the year, more than double her earnings in 2013. Beyoncé was reissued with new material in three forms: as an extended play, a box set, as well as a full platinum edition.","December 13, 2013"
570,"On December 13, 2013, Beyoncé unexpectedly released her eponymous fifth studio album on the iTunes Store without any prior announcement or promotion. The album debuted atop the Billboard 200 chart, giving Beyoncé her fifth consecutive number-one album in the US. This made her the first woman in the chart's history to have her first five studio albums debut at number one. Beyoncé received critical acclaim and commercial success, selling one million digital copies worldwide in six days; The New York Times noted the album's unconventional, unexpected release as significant. Musically an electro-R&B album, it concerns darker themes previously unexplored in her work, such as ""bulimia, postnatal depression [and] the fears and insecurities of marriage and motherhood"". The single ""Drunk in Love"", featuring Jay Z, peaked at number two on the Billboard Hot 100 chart. In April 2014, after much speculation in the weeks before, Beyoncé and Jay Z officially announced their On the Run Tour. It served as the couple's first co-headlining stadium tour together. On August 24, 2014, she received the Video Vanguard Award at the 2014 MTV Video Music Awards. Knowles also took home three competitive awards: Best Video with a Social Message and Best Cinematography for ""Pretty Hurts"", as well as best collaboration for ""Drunk in Love"". In November, Forbes reported that Beyoncé was the top-earning woman in music for the second year in a row—earning $115 million in the year, more than double her earnings in 2013. Beyoncé was reissued with new material in three forms: as an extended play, a box set, as well as a full platinum edition.",one million
571,"On December 13, 2013, Beyoncé unexpectedly released her eponymous fifth studio album on the iTunes Store without any prior announcement or promotion. The album debuted atop the Billboard 200 chart, giving Beyoncé her fifth consecutive number-one album in the US. This made her the first woman in the chart's history to have her first five studio albums debut at number one. Beyoncé received critical acclaim and commercial success, selling one million digital copies worldwide in six days; The New York Times noted the album's unconventional, unexpected release as significant. Musically an electro-R&B album, it concerns darker themes previously unexplored in her work, such as ""bulimia, postnatal depression [and] the fears and insecurities of marriage and motherhood"". The single ""Drunk in Love"", featuring Jay Z, peaked at number two on the Billboard Hot 100 chart. In April 2014, after much speculation in the weeks before, Beyoncé and Jay Z officially announced their On the Run Tour. It served as the couple's first co-headlining stadium tour together. On August 24, 2014, she received the Video Vanguard Award at the 2014 MTV Video Music Awards. Knowles also took home three competitive awards: Best Video with a Social Message and Best Cinematography for ""Pretty Hurts"", as well as best collaboration for ""Drunk in Love"". In November, Forbes reported that Beyoncé was the top-earning woman in music for the second year in a row—earning $115 million in the year, more than double her earnings in 2013. Beyoncé was reissued with new material in three forms: as an extended play, a box set, as well as a full platinum edition.",Drunk in Love
572,"On December 13, 2013, Beyoncé unexpectedly released her eponymous fifth studio album on the iTunes Store without any prior announcement or promotion. The album debuted atop the Billboard 200 chart, giving Beyoncé her fifth consecutive number-one album in the US. This made her the first woman in the chart's history to have her first five studio albums debut at number one. Beyoncé received critical acclaim and commercial success, selling one million digital copies worldwide in six days; The New York Times noted the album's unconventional, unexpected release as significant. Musically an electro-R&B album, it concerns darker themes previously unexplored in her work, such as ""bulimia, postnatal depression [and] the fears and insecurities of marriage and motherhood"". The single ""Drunk in Love"", featuring Jay Z, peaked at number two on the Billboard Hot 100 chart. In April 2014, after much speculation in the weeks before, Beyoncé and Jay Z officially announced their On the Run Tour. It served as the couple's first co-headlining stadium tour together. On August 24, 2014, she received the Video Vanguard Award at the 2014 MTV Video Music Awards. Knowles also took home three competitive awards: Best Video with a Social Message and Best Cinematography for ""Pretty Hurts"", as well as best collaboration for ""Drunk in Love"". In November, Forbes reported that Beyoncé was the top-earning woman in music for the second year in a row—earning $115 million in the year, more than double her earnings in 2013. Beyoncé was reissued with new material in three forms: as an extended play, a box set, as well as a full platinum edition.",On the Run Tour.
573,"At the 57th Annual Grammy Awards in February 2015, Beyoncé was nominated for six awards, ultimately winning three: Best R&B Performance and Best R&B Song for ""Drunk in Love"", and Best Surround Sound Album for Beyoncé. She was nominated for Album of the Year but the award was won by Beck for his Morning Phase album. In August, the cover of the September issue of Vogue magazine was unveiled online, Beyoncé as the cover star, becoming the first African-American artist and third African-American woman in general to cover the September issue. She headlined the 2015 Made in America festival in early September and also the Global Citizen Festival later that month. Beyoncé made an uncredited featured appearance on the track ""Hymn for the Weekend"" by British rock band Coldplay, on their seventh studio album A Head Full of Dreams (2015), which saw release in December. On January 7, 2016, Pepsi announced Beyoncé would perform alongside Coldplay at Super Bowl 50 in February. Knowles has previously performed at four Super Bowl shows throughout her career, serving as the main headliner of the 47th Super Bowl halftime show in 2013.",three
574,"At the 57th Annual Grammy Awards in February 2015, Beyoncé was nominated for six awards, ultimately winning three: Best R&B Performance and Best R&B Song for ""Drunk in Love"", and Best Surround Sound Album for Beyoncé. She was nominated for Album of the Year but the award was won by Beck for his Morning Phase album. In August, the cover of the September issue of Vogue magazine was unveiled online, Beyoncé as the cover star, becoming the first African-American artist and third African-American woman in general to cover the September issue. She headlined the 2015 Made in America festival in early September and also the Global Citizen Festival later that month. Beyoncé made an uncredited featured appearance on the track ""Hymn for the Weekend"" by British rock band Coldplay, on their seventh studio album A Head Full of Dreams (2015), which saw release in December. On January 7, 2016, Pepsi announced Beyoncé would perform alongside Coldplay at Super Bowl 50 in February. Knowles has previously performed at four Super Bowl shows throughout her career, serving as the main headliner of the 47th Super Bowl halftime show in 2013.",Beck
575,"At the 57th Annual Grammy Awards in February 2015, Beyoncé was nominated for six awards, ultimately winning three: Best R&B Performance and Best R&B Song for ""Drunk in Love"", and Best Surround Sound Album for Beyoncé. She was nominated for Album of the Year but the award was won by Beck for his Morning Phase album. In August, the cover of the September issue of Vogue magazine was unveiled online, Beyoncé as the cover star, becoming the first African-American artist and third African-American woman in general to cover the September issue. She headlined the 2015 Made in America festival in early September and also the Global Citizen Festival later that month. Beyoncé made an uncredited featured appearance on the track ""Hymn for the Weekend"" by British rock band Coldplay, on their seventh studio album A Head Full of Dreams (2015), which saw release in December. On January 7, 2016, Pepsi announced Beyoncé would perform alongside Coldplay at Super Bowl 50 in February. Knowles has previously performed at four Super Bowl shows throughout her career, serving as the main headliner of the 47th Super Bowl halftime show in 2013.",Vogue
576,"At the 57th Annual Grammy Awards in February 2015, Beyoncé was nominated for six awards, ultimately winning three: Best R&B Performance and Best R&B Song for ""Drunk in Love"", and Best Surround Sound Album for Beyoncé. She was nominated for Album of the Year but the award was won by Beck for his Morning Phase album. In August, the cover of the September issue of Vogue magazine was unveiled online, Beyoncé as the cover star, becoming the first African-American artist and third African-American woman in general to cover the September issue. She headlined the 2015 Made in America festival in early September and also the Global Citizen Festival later that month. Beyoncé made an uncredited featured appearance on the track ""Hymn for the Weekend"" by British rock band Coldplay, on their seventh studio album A Head Full of Dreams (2015), which saw release in December. On January 7, 2016, Pepsi announced Beyoncé would perform alongside Coldplay at Super Bowl 50 in February. Knowles has previously performed at four Super Bowl shows throughout her career, serving as the main headliner of the 47th Super Bowl halftime show in 2013.",Coldplay
577,"At the 57th Annual Grammy Awards in February 2015, Beyoncé was nominated for six awards, ultimately winning three: Best R&B Performance and Best R&B Song for ""Drunk in Love"", and Best Surround Sound Album for Beyoncé. She was nominated for Album of the Year but the award was won by Beck for his Morning Phase album. In August, the cover of the September issue of Vogue magazine was unveiled online, Beyoncé as the cover star, becoming the first African-American artist and third African-American woman in general to cover the September issue. She headlined the 2015 Made in America festival in early September and also the Global Citizen Festival later that month. Beyoncé made an uncredited featured appearance on the track ""Hymn for the Weekend"" by British rock band Coldplay, on their seventh studio album A Head Full of Dreams (2015), which saw release in December. On January 7, 2016, Pepsi announced Beyoncé would perform alongside Coldplay at Super Bowl 50 in February. Knowles has previously performed at four Super Bowl shows throughout her career, serving as the main headliner of the 47th Super Bowl halftime show in 2013.",three
578,"At the 57th Annual Grammy Awards in February 2015, Beyoncé was nominated for six awards, ultimately winning three: Best R&B Performance and Best R&B Song for ""Drunk in Love"", and Best Surround Sound Album for Beyoncé. She was nominated for Album of the Year but the award was won by Beck for his Morning Phase album. In August, the cover of the September issue of Vogue magazine was unveiled online, Beyoncé as the cover star, becoming the first African-American artist and third African-American woman in general to cover the September issue. She headlined the 2015 Made in America festival in early September and also the Global Citizen Festival later that month. Beyoncé made an uncredited featured appearance on the track ""Hymn for the Weekend"" by British rock band Coldplay, on their seventh studio album A Head Full of Dreams (2015), which saw release in December. On January 7, 2016, Pepsi announced Beyoncé would perform alongside Coldplay at Super Bowl 50 in February. Knowles has previously performed at four Super Bowl shows throughout her career, serving as the main headliner of the 47th Super Bowl halftime show in 2013.",Beck
579,"At the 57th Annual Grammy Awards in February 2015, Beyoncé was nominated for six awards, ultimately winning three: Best R&B Performance and Best R&B Song for ""Drunk in Love"", and Best Surround Sound Album for Beyoncé. She was nominated for Album of the Year but the award was won by Beck for his Morning Phase album. In August, the cover of the September issue of Vogue magazine was unveiled online, Beyoncé as the cover star, becoming the first African-American artist and third African-American woman in general to cover the September issue. She headlined the 2015 Made in America festival in early September and also the Global Citizen Festival later that month. Beyoncé made an uncredited featured appearance on the track ""Hymn for the Weekend"" by British rock band Coldplay, on their seventh studio album A Head Full of Dreams (2015), which saw release in December. On January 7, 2016, Pepsi announced Beyoncé would perform alongside Coldplay at Super Bowl 50 in February. Knowles has previously performed at four Super Bowl shows throughout her career, serving as the main headliner of the 47th Super Bowl halftime show in 2013.",Coldplay
580,"At the 57th Annual Grammy Awards in February 2015, Beyoncé was nominated for six awards, ultimately winning three: Best R&B Performance and Best R&B Song for ""Drunk in Love"", and Best Surround Sound Album for Beyoncé. She was nominated for Album of the Year but the award was won by Beck for his Morning Phase album. In August, the cover of the September issue of Vogue magazine was unveiled online, Beyoncé as the cover star, becoming the first African-American artist and third African-American woman in general to cover the September issue. She headlined the 2015 Made in America festival in early September and also the Global Citizen Festival later that month. Beyoncé made an uncredited featured appearance on the track ""Hymn for the Weekend"" by British rock band Coldplay, on their seventh studio album A Head Full of Dreams (2015), which saw release in December. On January 7, 2016, Pepsi announced Beyoncé would perform alongside Coldplay at Super Bowl 50 in February. Knowles has previously performed at four Super Bowl shows throughout her career, serving as the main headliner of the 47th Super Bowl halftime show in 2013.",six awards
581,"At the 57th Annual Grammy Awards in February 2015, Beyoncé was nominated for six awards, ultimately winning three: Best R&B Performance and Best R&B Song for ""Drunk in Love"", and Best Surround Sound Album for Beyoncé. She was nominated for Album of the Year but the award was won by Beck for his Morning Phase album. In August, the cover of the September issue of Vogue magazine was unveiled online, Beyoncé as the cover star, becoming the first African-American artist and third African-American woman in general to cover the September issue. She headlined the 2015 Made in America festival in early September and also the Global Citizen Festival later that month. Beyoncé made an uncredited featured appearance on the track ""Hymn for the Weekend"" by British rock band Coldplay, on their seventh studio album A Head Full of Dreams (2015), which saw release in December. On January 7, 2016, Pepsi announced Beyoncé would perform alongside Coldplay at Super Bowl 50 in February. Knowles has previously performed at four Super Bowl shows throughout her career, serving as the main headliner of the 47th Super Bowl halftime show in 2013.",Vogue
582,"At the 57th Annual Grammy Awards in February 2015, Beyoncé was nominated for six awards, ultimately winning three: Best R&B Performance and Best R&B Song for ""Drunk in Love"", and Best Surround Sound Album for Beyoncé. She was nominated for Album of the Year but the award was won by Beck for his Morning Phase album. In August, the cover of the September issue of Vogue magazine was unveiled online, Beyoncé as the cover star, becoming the first African-American artist and third African-American woman in general to cover the September issue. She headlined the 2015 Made in America festival in early September and also the Global Citizen Festival later that month. Beyoncé made an uncredited featured appearance on the track ""Hymn for the Weekend"" by British rock band Coldplay, on their seventh studio album A Head Full of Dreams (2015), which saw release in December. On January 7, 2016, Pepsi announced Beyoncé would perform alongside Coldplay at Super Bowl 50 in February. Knowles has previously performed at four Super Bowl shows throughout her career, serving as the main headliner of the 47th Super Bowl halftime show in 2013.",Coldplay
583,"At the 57th Annual Grammy Awards in February 2015, Beyoncé was nominated for six awards, ultimately winning three: Best R&B Performance and Best R&B Song for ""Drunk in Love"", and Best Surround Sound Album for Beyoncé. She was nominated for Album of the Year but the award was won by Beck for his Morning Phase album. In August, the cover of the September issue of Vogue magazine was unveiled online, Beyoncé as the cover star, becoming the first African-American artist and third African-American woman in general to cover the September issue. She headlined the 2015 Made in America festival in early September and also the Global Citizen Festival later that month. Beyoncé made an uncredited featured appearance on the track ""Hymn for the Weekend"" by British rock band Coldplay, on their seventh studio album A Head Full of Dreams (2015), which saw release in December. On January 7, 2016, Pepsi announced Beyoncé would perform alongside Coldplay at Super Bowl 50 in February. Knowles has previously performed at four Super Bowl shows throughout her career, serving as the main headliner of the 47th Super Bowl halftime show in 2013.",Coldplay
584,"At the 57th Annual Grammy Awards in February 2015, Beyoncé was nominated for six awards, ultimately winning three: Best R&B Performance and Best R&B Song for ""Drunk in Love"", and Best Surround Sound Album for Beyoncé. She was nominated for Album of the Year but the award was won by Beck for his Morning Phase album. In August, the cover of the September issue of Vogue magazine was unveiled online, Beyoncé as the cover star, becoming the first African-American artist and third African-American woman in general to cover the September issue. She headlined the 2015 Made in America festival in early September and also the Global Citizen Festival later that month. Beyoncé made an uncredited featured appearance on the track ""Hymn for the Weekend"" by British rock band Coldplay, on their seventh studio album A Head Full of Dreams (2015), which saw release in December. On January 7, 2016, Pepsi announced Beyoncé would perform alongside Coldplay at Super Bowl 50 in February. Knowles has previously performed at four Super Bowl shows throughout her career, serving as the main headliner of the 47th Super Bowl halftime show in 2013.",six
585,"At the 57th Annual Grammy Awards in February 2015, Beyoncé was nominated for six awards, ultimately winning three: Best R&B Performance and Best R&B Song for ""Drunk in Love"", and Best Surround Sound Album for Beyoncé. She was nominated for Album of the Year but the award was won by Beck for his Morning Phase album. In August, the cover of the September issue of Vogue magazine was unveiled online, Beyoncé as the cover star, becoming the first African-American artist and third African-American woman in general to cover the September issue. She headlined the 2015 Made in America festival in early September and also the Global Citizen Festival later that month. Beyoncé made an uncredited featured appearance on the track ""Hymn for the Weekend"" by British rock band Coldplay, on their seventh studio album A Head Full of Dreams (2015), which saw release in December. On January 7, 2016, Pepsi announced Beyoncé would perform alongside Coldplay at Super Bowl 50 in February. Knowles has previously performed at four Super Bowl shows throughout her career, serving as the main headliner of the 47th Super Bowl halftime show in 2013.",three
586,"At the 57th Annual Grammy Awards in February 2015, Beyoncé was nominated for six awards, ultimately winning three: Best R&B Performance and Best R&B Song for ""Drunk in Love"", and Best Surround Sound Album for Beyoncé. She was nominated for Album of the Year but the award was won by Beck for his Morning Phase album. In August, the cover of the September issue of Vogue magazine was unveiled online, Beyoncé as the cover star, becoming the first African-American artist and third African-American woman in general to cover the September issue. She headlined the 2015 Made in America festival in early September and also the Global Citizen Festival later that month. Beyoncé made an uncredited featured appearance on the track ""Hymn for the Weekend"" by British rock band Coldplay, on their seventh studio album A Head Full of Dreams (2015), which saw release in December. On January 7, 2016, Pepsi announced Beyoncé would perform alongside Coldplay at Super Bowl 50 in February. Knowles has previously performed at four Super Bowl shows throughout her career, serving as the main headliner of the 47th Super Bowl halftime show in 2013.",Beck
587,"At the 57th Annual Grammy Awards in February 2015, Beyoncé was nominated for six awards, ultimately winning three: Best R&B Performance and Best R&B Song for ""Drunk in Love"", and Best Surround Sound Album for Beyoncé. She was nominated for Album of the Year but the award was won by Beck for his Morning Phase album. In August, the cover of the September issue of Vogue magazine was unveiled online, Beyoncé as the cover star, becoming the first African-American artist and third African-American woman in general to cover the September issue. She headlined the 2015 Made in America festival in early September and also the Global Citizen Festival later that month. Beyoncé made an uncredited featured appearance on the track ""Hymn for the Weekend"" by British rock band Coldplay, on their seventh studio album A Head Full of Dreams (2015), which saw release in December. On January 7, 2016, Pepsi announced Beyoncé would perform alongside Coldplay at Super Bowl 50 in February. Knowles has previously performed at four Super Bowl shows throughout her career, serving as the main headliner of the 47th Super Bowl halftime show in 2013.",Vogue
588,"At the 57th Annual Grammy Awards in February 2015, Beyoncé was nominated for six awards, ultimately winning three: Best R&B Performance and Best R&B Song for ""Drunk in Love"", and Best Surround Sound Album for Beyoncé. She was nominated for Album of the Year but the award was won by Beck for his Morning Phase album. In August, the cover of the September issue of Vogue magazine was unveiled online, Beyoncé as the cover star, becoming the first African-American artist and third African-American woman in general to cover the September issue. She headlined the 2015 Made in America festival in early September and also the Global Citizen Festival later that month. Beyoncé made an uncredited featured appearance on the track ""Hymn for the Weekend"" by British rock band Coldplay, on their seventh studio album A Head Full of Dreams (2015), which saw release in December. On January 7, 2016, Pepsi announced Beyoncé would perform alongside Coldplay at Super Bowl 50 in February. Knowles has previously performed at four Super Bowl shows throughout her career, serving as the main headliner of the 47th Super Bowl halftime show in 2013.",Coldplay
589,"On February 6, 2016, one day before her performance at the Super Bowl, Beyoncé released a new single exclusively on music streaming service Tidal called ""Formation"".",Tidal
590,"On February 6, 2016, one day before her performance at the Super Bowl, Beyoncé released a new single exclusively on music streaming service Tidal called ""Formation"".",Formation
591,"On February 6, 2016, one day before her performance at the Super Bowl, Beyoncé released a new single exclusively on music streaming service Tidal called ""Formation"".","February 6, 2016"
592,"On February 6, 2016, one day before her performance at the Super Bowl, Beyoncé released a new single exclusively on music streaming service Tidal called ""Formation"".",exclusively
593,"On February 6, 2016, one day before her performance at the Super Bowl, Beyoncé released a new single exclusively on music streaming service Tidal called ""Formation"".",Tidal
594,"On February 6, 2016, one day before her performance at the Super Bowl, Beyoncé released a new single exclusively on music streaming service Tidal called ""Formation"".",music streaming
595,"On February 6, 2016, one day before her performance at the Super Bowl, Beyoncé released a new single exclusively on music streaming service Tidal called ""Formation"".","February 6, 2016"
596,"On February 6, 2016, one day before her performance at the Super Bowl, Beyoncé released a new single exclusively on music streaming service Tidal called ""Formation"".",Tidal
597,"Beyoncé is believed to have first started a relationship with Jay Z after a collaboration on ""'03 Bonnie & Clyde"", which appeared on his seventh album The Blueprint 2: The Gift & The Curse (2002). Beyoncé appeared as Jay Z's girlfriend in the music video for the song, which would further fuel speculation of their relationship. On April 4, 2008, Beyoncé and Jay Z were married without publicity. As of April 2014, the couple have sold a combined 300 million records together. The couple are known for their private relationship, although they have appeared to become more relaxed in recent years. Beyoncé suffered a miscarriage in 2010 or 2011, describing it as ""the saddest thing"" she had ever endured. She returned to the studio and wrote music in order to cope with the loss. In April 2011, Beyoncé and Jay Z traveled to Paris in order to shoot the album cover for her 4, and unexpectedly became pregnant in Paris.",300 million
598,"Beyoncé is believed to have first started a relationship with Jay Z after a collaboration on ""'03 Bonnie & Clyde"", which appeared on his seventh album The Blueprint 2: The Gift & The Curse (2002). Beyoncé appeared as Jay Z's girlfriend in the music video for the song, which would further fuel speculation of their relationship. On April 4, 2008, Beyoncé and Jay Z were married without publicity. As of April 2014, the couple have sold a combined 300 million records together. The couple are known for their private relationship, although they have appeared to become more relaxed in recent years. Beyoncé suffered a miscarriage in 2010 or 2011, describing it as ""the saddest thing"" she had ever endured. She returned to the studio and wrote music in order to cope with the loss. In April 2011, Beyoncé and Jay Z traveled to Paris in order to shoot the album cover for her 4, and unexpectedly became pregnant in Paris.",Paris
599,"Beyoncé is believed to have first started a relationship with Jay Z after a collaboration on ""'03 Bonnie & Clyde"", which appeared on his seventh album The Blueprint 2: The Gift & The Curse (2002). Beyoncé appeared as Jay Z's girlfriend in the music video for the song, which would further fuel speculation of their relationship. On April 4, 2008, Beyoncé and Jay Z were married without publicity. As of April 2014, the couple have sold a combined 300 million records together. The couple are known for their private relationship, although they have appeared to become more relaxed in recent years. Beyoncé suffered a miscarriage in 2010 or 2011, describing it as ""the saddest thing"" she had ever endured. She returned to the studio and wrote music in order to cope with the loss. In April 2011, Beyoncé and Jay Z traveled to Paris in order to shoot the album cover for her 4, and unexpectedly became pregnant in Paris.",miscarriage
600,"Beyoncé is believed to have first started a relationship with Jay Z after a collaboration on ""'03 Bonnie & Clyde"", which appeared on his seventh album The Blueprint 2: The Gift & The Curse (2002). Beyoncé appeared as Jay Z's girlfriend in the music video for the song, which would further fuel speculation of their relationship. On April 4, 2008, Beyoncé and Jay Z were married without publicity. As of April 2014, the couple have sold a combined 300 million records together. The couple are known for their private relationship, although they have appeared to become more relaxed in recent years. Beyoncé suffered a miscarriage in 2010 or 2011, describing it as ""the saddest thing"" she had ever endured. She returned to the studio and wrote music in order to cope with the loss. In April 2011, Beyoncé and Jay Z traveled to Paris in order to shoot the album cover for her 4, and unexpectedly became pregnant in Paris.",Jay Z
601,"Beyoncé is believed to have first started a relationship with Jay Z after a collaboration on ""'03 Bonnie & Clyde"", which appeared on his seventh album The Blueprint 2: The Gift & The Curse (2002). Beyoncé appeared as Jay Z's girlfriend in the music video for the song, which would further fuel speculation of their relationship. On April 4, 2008, Beyoncé and Jay Z were married without publicity. As of April 2014, the couple have sold a combined 300 million records together. The couple are known for their private relationship, although they have appeared to become more relaxed in recent years. Beyoncé suffered a miscarriage in 2010 or 2011, describing it as ""the saddest thing"" she had ever endured. She returned to the studio and wrote music in order to cope with the loss. In April 2011, Beyoncé and Jay Z traveled to Paris in order to shoot the album cover for her 4, and unexpectedly became pregnant in Paris.","April 4, 2008"
602,"Beyoncé is believed to have first started a relationship with Jay Z after a collaboration on ""'03 Bonnie & Clyde"", which appeared on his seventh album The Blueprint 2: The Gift & The Curse (2002). Beyoncé appeared as Jay Z's girlfriend in the music video for the song, which would further fuel speculation of their relationship. On April 4, 2008, Beyoncé and Jay Z were married without publicity. As of April 2014, the couple have sold a combined 300 million records together. The couple are known for their private relationship, although they have appeared to become more relaxed in recent years. Beyoncé suffered a miscarriage in 2010 or 2011, describing it as ""the saddest thing"" she had ever endured. She returned to the studio and wrote music in order to cope with the loss. In April 2011, Beyoncé and Jay Z traveled to Paris in order to shoot the album cover for her 4, and unexpectedly became pregnant in Paris.",300 million
603,"Beyoncé is believed to have first started a relationship with Jay Z after a collaboration on ""'03 Bonnie & Clyde"", which appeared on his seventh album The Blueprint 2: The Gift & The Curse (2002). Beyoncé appeared as Jay Z's girlfriend in the music video for the song, which would further fuel speculation of their relationship. On April 4, 2008, Beyoncé and Jay Z were married without publicity. As of April 2014, the couple have sold a combined 300 million records together. The couple are known for their private relationship, although they have appeared to become more relaxed in recent years. Beyoncé suffered a miscarriage in 2010 or 2011, describing it as ""the saddest thing"" she had ever endured. She returned to the studio and wrote music in order to cope with the loss. In April 2011, Beyoncé and Jay Z traveled to Paris in order to shoot the album cover for her 4, and unexpectedly became pregnant in Paris.",wrote music
604,"Beyoncé is believed to have first started a relationship with Jay Z after a collaboration on ""'03 Bonnie & Clyde"", which appeared on his seventh album The Blueprint 2: The Gift & The Curse (2002). Beyoncé appeared as Jay Z's girlfriend in the music video for the song, which would further fuel speculation of their relationship. On April 4, 2008, Beyoncé and Jay Z were married without publicity. As of April 2014, the couple have sold a combined 300 million records together. The couple are known for their private relationship, although they have appeared to become more relaxed in recent years. Beyoncé suffered a miscarriage in 2010 or 2011, describing it as ""the saddest thing"" she had ever endured. She returned to the studio and wrote music in order to cope with the loss. In April 2011, Beyoncé and Jay Z traveled to Paris in order to shoot the album cover for her 4, and unexpectedly became pregnant in Paris.",Paris
605,"Beyoncé is believed to have first started a relationship with Jay Z after a collaboration on ""'03 Bonnie & Clyde"", which appeared on his seventh album The Blueprint 2: The Gift & The Curse (2002). Beyoncé appeared as Jay Z's girlfriend in the music video for the song, which would further fuel speculation of their relationship. On April 4, 2008, Beyoncé and Jay Z were married without publicity. As of April 2014, the couple have sold a combined 300 million records together. The couple are known for their private relationship, although they have appeared to become more relaxed in recent years. Beyoncé suffered a miscarriage in 2010 or 2011, describing it as ""the saddest thing"" she had ever endured. She returned to the studio and wrote music in order to cope with the loss. In April 2011, Beyoncé and Jay Z traveled to Paris in order to shoot the album cover for her 4, and unexpectedly became pregnant in Paris.",'03 Bonnie & Clyde
606,"Beyoncé is believed to have first started a relationship with Jay Z after a collaboration on ""'03 Bonnie & Clyde"", which appeared on his seventh album The Blueprint 2: The Gift & The Curse (2002). Beyoncé appeared as Jay Z's girlfriend in the music video for the song, which would further fuel speculation of their relationship. On April 4, 2008, Beyoncé and Jay Z were married without publicity. As of April 2014, the couple have sold a combined 300 million records together. The couple are known for their private relationship, although they have appeared to become more relaxed in recent years. Beyoncé suffered a miscarriage in 2010 or 2011, describing it as ""the saddest thing"" she had ever endured. She returned to the studio and wrote music in order to cope with the loss. In April 2011, Beyoncé and Jay Z traveled to Paris in order to shoot the album cover for her 4, and unexpectedly became pregnant in Paris.","April 4, 2008"
607,"Beyoncé is believed to have first started a relationship with Jay Z after a collaboration on ""'03 Bonnie & Clyde"", which appeared on his seventh album The Blueprint 2: The Gift & The Curse (2002). Beyoncé appeared as Jay Z's girlfriend in the music video for the song, which would further fuel speculation of their relationship. On April 4, 2008, Beyoncé and Jay Z were married without publicity. As of April 2014, the couple have sold a combined 300 million records together. The couple are known for their private relationship, although they have appeared to become more relaxed in recent years. Beyoncé suffered a miscarriage in 2010 or 2011, describing it as ""the saddest thing"" she had ever endured. She returned to the studio and wrote music in order to cope with the loss. In April 2011, Beyoncé and Jay Z traveled to Paris in order to shoot the album cover for her 4, and unexpectedly became pregnant in Paris.",300 million
608,"Beyoncé is believed to have first started a relationship with Jay Z after a collaboration on ""'03 Bonnie & Clyde"", which appeared on his seventh album The Blueprint 2: The Gift & The Curse (2002). Beyoncé appeared as Jay Z's girlfriend in the music video for the song, which would further fuel speculation of their relationship. On April 4, 2008, Beyoncé and Jay Z were married without publicity. As of April 2014, the couple have sold a combined 300 million records together. The couple are known for their private relationship, although they have appeared to become more relaxed in recent years. Beyoncé suffered a miscarriage in 2010 or 2011, describing it as ""the saddest thing"" she had ever endured. She returned to the studio and wrote music in order to cope with the loss. In April 2011, Beyoncé and Jay Z traveled to Paris in order to shoot the album cover for her 4, and unexpectedly became pregnant in Paris.",miscarriage
609,"Beyoncé is believed to have first started a relationship with Jay Z after a collaboration on ""'03 Bonnie & Clyde"", which appeared on his seventh album The Blueprint 2: The Gift & The Curse (2002). Beyoncé appeared as Jay Z's girlfriend in the music video for the song, which would further fuel speculation of their relationship. On April 4, 2008, Beyoncé and Jay Z were married without publicity. As of April 2014, the couple have sold a combined 300 million records together. The couple are known for their private relationship, although they have appeared to become more relaxed in recent years. Beyoncé suffered a miscarriage in 2010 or 2011, describing it as ""the saddest thing"" she had ever endured. She returned to the studio and wrote music in order to cope with the loss. In April 2011, Beyoncé and Jay Z traveled to Paris in order to shoot the album cover for her 4, and unexpectedly became pregnant in Paris.",Paris.
610,"In August, the couple attended the 2011 MTV Video Music Awards, at which Beyoncé performed ""Love on Top"" and started the performance saying ""Tonight I want you to stand up on your feet, I want you to feel the love that's growing inside of me"". At the end of the performance, she dropped her microphone, unbuttoned her blazer and rubbed her stomach, confirming her pregnancy she had alluded to earlier in the evening. Her appearance helped that year's MTV Video Music Awards become the most-watched broadcast in MTV history, pulling in 12.4 million viewers; the announcement was listed in Guinness World Records for ""most tweets per second recorded for a single event"" on Twitter, receiving 8,868 tweets per second and ""Beyonce pregnant"" was the most Googled term the week of August 29, 2011.",MTV Video Music Awards
611,"In August, the couple attended the 2011 MTV Video Music Awards, at which Beyoncé performed ""Love on Top"" and started the performance saying ""Tonight I want you to stand up on your feet, I want you to feel the love that's growing inside of me"". At the end of the performance, she dropped her microphone, unbuttoned her blazer and rubbed her stomach, confirming her pregnancy she had alluded to earlier in the evening. Her appearance helped that year's MTV Video Music Awards become the most-watched broadcast in MTV history, pulling in 12.4 million viewers; the announcement was listed in Guinness World Records for ""most tweets per second recorded for a single event"" on Twitter, receiving 8,868 tweets per second and ""Beyonce pregnant"" was the most Googled term the week of August 29, 2011.",her pregnancy
612,"In August, the couple attended the 2011 MTV Video Music Awards, at which Beyoncé performed ""Love on Top"" and started the performance saying ""Tonight I want you to stand up on your feet, I want you to feel the love that's growing inside of me"". At the end of the performance, she dropped her microphone, unbuttoned her blazer and rubbed her stomach, confirming her pregnancy she had alluded to earlier in the evening. Her appearance helped that year's MTV Video Music Awards become the most-watched broadcast in MTV history, pulling in 12.4 million viewers; the announcement was listed in Guinness World Records for ""most tweets per second recorded for a single event"" on Twitter, receiving 8,868 tweets per second and ""Beyonce pregnant"" was the most Googled term the week of August 29, 2011.",12.4 million
613,"In August, the couple attended the 2011 MTV Video Music Awards, at which Beyoncé performed ""Love on Top"" and started the performance saying ""Tonight I want you to stand up on your feet, I want you to feel the love that's growing inside of me"". At the end of the performance, she dropped her microphone, unbuttoned her blazer and rubbed her stomach, confirming her pregnancy she had alluded to earlier in the evening. Her appearance helped that year's MTV Video Music Awards become the most-watched broadcast in MTV history, pulling in 12.4 million viewers; the announcement was listed in Guinness World Records for ""most tweets per second recorded for a single event"" on Twitter, receiving 8,868 tweets per second and ""Beyonce pregnant"" was the most Googled term the week of August 29, 2011.",2011 MTV Video Music Awards
614,"In August, the couple attended the 2011 MTV Video Music Awards, at which Beyoncé performed ""Love on Top"" and started the performance saying ""Tonight I want you to stand up on your feet, I want you to feel the love that's growing inside of me"". At the end of the performance, she dropped her microphone, unbuttoned her blazer and rubbed her stomach, confirming her pregnancy she had alluded to earlier in the evening. Her appearance helped that year's MTV Video Music Awards become the most-watched broadcast in MTV history, pulling in 12.4 million viewers; the announcement was listed in Guinness World Records for ""most tweets per second recorded for a single event"" on Twitter, receiving 8,868 tweets per second and ""Beyonce pregnant"" was the most Googled term the week of August 29, 2011.",Her appearance
615,"In August, the couple attended the 2011 MTV Video Music Awards, at which Beyoncé performed ""Love on Top"" and started the performance saying ""Tonight I want you to stand up on your feet, I want you to feel the love that's growing inside of me"". At the end of the performance, she dropped her microphone, unbuttoned her blazer and rubbed her stomach, confirming her pregnancy she had alluded to earlier in the evening. Her appearance helped that year's MTV Video Music Awards become the most-watched broadcast in MTV history, pulling in 12.4 million viewers; the announcement was listed in Guinness World Records for ""most tweets per second recorded for a single event"" on Twitter, receiving 8,868 tweets per second and ""Beyonce pregnant"" was the most Googled term the week of August 29, 2011.",most tweets per second
616,"In August, the couple attended the 2011 MTV Video Music Awards, at which Beyoncé performed ""Love on Top"" and started the performance saying ""Tonight I want you to stand up on your feet, I want you to feel the love that's growing inside of me"". At the end of the performance, she dropped her microphone, unbuttoned her blazer and rubbed her stomach, confirming her pregnancy she had alluded to earlier in the evening. Her appearance helped that year's MTV Video Music Awards become the most-watched broadcast in MTV history, pulling in 12.4 million viewers; the announcement was listed in Guinness World Records for ""most tweets per second recorded for a single event"" on Twitter, receiving 8,868 tweets per second and ""Beyonce pregnant"" was the most Googled term the week of August 29, 2011.",Beyonce pregnant
617,"In August, the couple attended the 2011 MTV Video Music Awards, at which Beyoncé performed ""Love on Top"" and started the performance saying ""Tonight I want you to stand up on your feet, I want you to feel the love that's growing inside of me"". At the end of the performance, she dropped her microphone, unbuttoned her blazer and rubbed her stomach, confirming her pregnancy she had alluded to earlier in the evening. Her appearance helped that year's MTV Video Music Awards become the most-watched broadcast in MTV history, pulling in 12.4 million viewers; the announcement was listed in Guinness World Records for ""most tweets per second recorded for a single event"" on Twitter, receiving 8,868 tweets per second and ""Beyonce pregnant"" was the most Googled term the week of August 29, 2011.",Love on Top
618,"In August, the couple attended the 2011 MTV Video Music Awards, at which Beyoncé performed ""Love on Top"" and started the performance saying ""Tonight I want you to stand up on your feet, I want you to feel the love that's growing inside of me"". At the end of the performance, she dropped her microphone, unbuttoned her blazer and rubbed her stomach, confirming her pregnancy she had alluded to earlier in the evening. Her appearance helped that year's MTV Video Music Awards become the most-watched broadcast in MTV history, pulling in 12.4 million viewers; the announcement was listed in Guinness World Records for ""most tweets per second recorded for a single event"" on Twitter, receiving 8,868 tweets per second and ""Beyonce pregnant"" was the most Googled term the week of August 29, 2011.",2011 MTV Video Music Awards
619,"In August, the couple attended the 2011 MTV Video Music Awards, at which Beyoncé performed ""Love on Top"" and started the performance saying ""Tonight I want you to stand up on your feet, I want you to feel the love that's growing inside of me"". At the end of the performance, she dropped her microphone, unbuttoned her blazer and rubbed her stomach, confirming her pregnancy she had alluded to earlier in the evening. Her appearance helped that year's MTV Video Music Awards become the most-watched broadcast in MTV history, pulling in 12.4 million viewers; the announcement was listed in Guinness World Records for ""most tweets per second recorded for a single event"" on Twitter, receiving 8,868 tweets per second and ""Beyonce pregnant"" was the most Googled term the week of August 29, 2011.",Love on Top
620,"In August, the couple attended the 2011 MTV Video Music Awards, at which Beyoncé performed ""Love on Top"" and started the performance saying ""Tonight I want you to stand up on your feet, I want you to feel the love that's growing inside of me"". At the end of the performance, she dropped her microphone, unbuttoned her blazer and rubbed her stomach, confirming her pregnancy she had alluded to earlier in the evening. Her appearance helped that year's MTV Video Music Awards become the most-watched broadcast in MTV history, pulling in 12.4 million viewers; the announcement was listed in Guinness World Records for ""most tweets per second recorded for a single event"" on Twitter, receiving 8,868 tweets per second and ""Beyonce pregnant"" was the most Googled term the week of August 29, 2011.",12.4 million
621,"In August, the couple attended the 2011 MTV Video Music Awards, at which Beyoncé performed ""Love on Top"" and started the performance saying ""Tonight I want you to stand up on your feet, I want you to feel the love that's growing inside of me"". At the end of the performance, she dropped her microphone, unbuttoned her blazer and rubbed her stomach, confirming her pregnancy she had alluded to earlier in the evening. Her appearance helped that year's MTV Video Music Awards become the most-watched broadcast in MTV history, pulling in 12.4 million viewers; the announcement was listed in Guinness World Records for ""most tweets per second recorded for a single event"" on Twitter, receiving 8,868 tweets per second and ""Beyonce pregnant"" was the most Googled term the week of August 29, 2011.",Beyonce pregnant
622,"On January 7, 2012, Beyoncé gave birth to a daughter, Blue Ivy Carter, at Lenox Hill Hospital in New York under heavy security. Two days later, Jay Z released ""Glory"", a song dedicated to their child, on his website Lifeandtimes.com. The song detailed the couple's pregnancy struggles, including a miscarriage Beyoncé suffered before becoming pregnant with Blue Ivy. Blue Ivy's cries are included at the end of the song, and she was officially credited as ""B.I.C."" on it. At two days old, she became the youngest person ever to appear on a Billboard chart when ""Glory"" debuted on the Hot R&B/Hip-Hop Songs chart.",Lifeandtimes.com
623,"On January 7, 2012, Beyoncé gave birth to a daughter, Blue Ivy Carter, at Lenox Hill Hospital in New York under heavy security. Two days later, Jay Z released ""Glory"", a song dedicated to their child, on his website Lifeandtimes.com. The song detailed the couple's pregnancy struggles, including a miscarriage Beyoncé suffered before becoming pregnant with Blue Ivy. Blue Ivy's cries are included at the end of the song, and she was officially credited as ""B.I.C."" on it. At two days old, she became the youngest person ever to appear on a Billboard chart when ""Glory"" debuted on the Hot R&B/Hip-Hop Songs chart.",Glory
624,"On January 7, 2012, Beyoncé gave birth to a daughter, Blue Ivy Carter, at Lenox Hill Hospital in New York under heavy security. Two days later, Jay Z released ""Glory"", a song dedicated to their child, on his website Lifeandtimes.com. The song detailed the couple's pregnancy struggles, including a miscarriage Beyoncé suffered before becoming pregnant with Blue Ivy. Blue Ivy's cries are included at the end of the song, and she was officially credited as ""B.I.C."" on it. At two days old, she became the youngest person ever to appear on a Billboard chart when ""Glory"" debuted on the Hot R&B/Hip-Hop Songs chart.",Blue Ivy Carter
625,"On January 7, 2012, Beyoncé gave birth to a daughter, Blue Ivy Carter, at Lenox Hill Hospital in New York under heavy security. Two days later, Jay Z released ""Glory"", a song dedicated to their child, on his website Lifeandtimes.com. The song detailed the couple's pregnancy struggles, including a miscarriage Beyoncé suffered before becoming pregnant with Blue Ivy. Blue Ivy's cries are included at the end of the song, and she was officially credited as ""B.I.C."" on it. At two days old, she became the youngest person ever to appear on a Billboard chart when ""Glory"" debuted on the Hot R&B/Hip-Hop Songs chart.",Lenox Hill Hospital
626,"On January 7, 2012, Beyoncé gave birth to a daughter, Blue Ivy Carter, at Lenox Hill Hospital in New York under heavy security. Two days later, Jay Z released ""Glory"", a song dedicated to their child, on his website Lifeandtimes.com. The song detailed the couple's pregnancy struggles, including a miscarriage Beyoncé suffered before becoming pregnant with Blue Ivy. Blue Ivy's cries are included at the end of the song, and she was officially credited as ""B.I.C."" on it. At two days old, she became the youngest person ever to appear on a Billboard chart when ""Glory"" debuted on the Hot R&B/Hip-Hop Songs chart.",Glory
627,"On January 7, 2012, Beyoncé gave birth to a daughter, Blue Ivy Carter, at Lenox Hill Hospital in New York under heavy security. Two days later, Jay Z released ""Glory"", a song dedicated to their child, on his website Lifeandtimes.com. The song detailed the couple's pregnancy struggles, including a miscarriage Beyoncé suffered before becoming pregnant with Blue Ivy. Blue Ivy's cries are included at the end of the song, and she was officially credited as ""B.I.C."" on it. At two days old, she became the youngest person ever to appear on a Billboard chart when ""Glory"" debuted on the Hot R&B/Hip-Hop Songs chart.",Blue Ivy Carter
628,"On January 7, 2012, Beyoncé gave birth to a daughter, Blue Ivy Carter, at Lenox Hill Hospital in New York under heavy security. Two days later, Jay Z released ""Glory"", a song dedicated to their child, on his website Lifeandtimes.com. The song detailed the couple's pregnancy struggles, including a miscarriage Beyoncé suffered before becoming pregnant with Blue Ivy. Blue Ivy's cries are included at the end of the song, and she was officially credited as ""B.I.C."" on it. At two days old, she became the youngest person ever to appear on a Billboard chart when ""Glory"" debuted on the Hot R&B/Hip-Hop Songs chart.",B.I.C.
629,"On January 7, 2012, Beyoncé gave birth to a daughter, Blue Ivy Carter, at Lenox Hill Hospital in New York under heavy security. Two days later, Jay Z released ""Glory"", a song dedicated to their child, on his website Lifeandtimes.com. The song detailed the couple's pregnancy struggles, including a miscarriage Beyoncé suffered before becoming pregnant with Blue Ivy. Blue Ivy's cries are included at the end of the song, and she was officially credited as ""B.I.C."" on it. At two days old, she became the youngest person ever to appear on a Billboard chart when ""Glory"" debuted on the Hot R&B/Hip-Hop Songs chart.","January 7, 2012"
630,"On January 7, 2012, Beyoncé gave birth to a daughter, Blue Ivy Carter, at Lenox Hill Hospital in New York under heavy security. Two days later, Jay Z released ""Glory"", a song dedicated to their child, on his website Lifeandtimes.com. The song detailed the couple's pregnancy struggles, including a miscarriage Beyoncé suffered before becoming pregnant with Blue Ivy. Blue Ivy's cries are included at the end of the song, and she was officially credited as ""B.I.C."" on it. At two days old, she became the youngest person ever to appear on a Billboard chart when ""Glory"" debuted on the Hot R&B/Hip-Hop Songs chart.",Blue Ivy Carter
631,"On January 7, 2012, Beyoncé gave birth to a daughter, Blue Ivy Carter, at Lenox Hill Hospital in New York under heavy security. Two days later, Jay Z released ""Glory"", a song dedicated to their child, on his website Lifeandtimes.com. The song detailed the couple's pregnancy struggles, including a miscarriage Beyoncé suffered before becoming pregnant with Blue Ivy. Blue Ivy's cries are included at the end of the song, and she was officially credited as ""B.I.C."" on it. At two days old, she became the youngest person ever to appear on a Billboard chart when ""Glory"" debuted on the Hot R&B/Hip-Hop Songs chart.",Glory
632,"On January 7, 2012, Beyoncé gave birth to a daughter, Blue Ivy Carter, at Lenox Hill Hospital in New York under heavy security. Two days later, Jay Z released ""Glory"", a song dedicated to their child, on his website Lifeandtimes.com. The song detailed the couple's pregnancy struggles, including a miscarriage Beyoncé suffered before becoming pregnant with Blue Ivy. Blue Ivy's cries are included at the end of the song, and she was officially credited as ""B.I.C."" on it. At two days old, she became the youngest person ever to appear on a Billboard chart when ""Glory"" debuted on the Hot R&B/Hip-Hop Songs chart.",Blue Ivy's cries
