,context,question,answer
0,"On January 7, 2012, Beyoncé gave birth to her first child, a daughter, Blue Ivy Carter, at Lenox Hill Hospital in New York. Five months later, she performed for four nights at Revel Atlantic City's Ovation Hall to celebrate the resort's opening, her first performances since giving birth to Blue Ivy.",What day did Beyoncé give birth to her first child?,"January 7, 2012"
1,"On January 7, 2012, Beyoncé gave birth to her first child, a daughter, Blue Ivy Carter, at Lenox Hill Hospital in New York. Five months later, she performed for four nights at Revel Atlantic City's Ovation Hall to celebrate the resort's opening, her first performances since giving birth to Blue Ivy.",What was Beyoncé's first performance since giving birth to Blue Ivy,Blue Ivy Carter
2,"On January 7, 2012, Beyoncé gave birth to her first child, a daughter, Blue Ivy Carter, at Lenox Hill Hospital in New York. Five months later, she performed for four nights at Revel Atlantic City's Ovation Hall to celebrate the resort's opening, her first performances since giving birth to Blue Ivy.",What was Beyoncé's first performance since giving birth to Blue Ivy,Lenox Hill Hospital in New York.
3,"On January 7, 2012, Beyoncé gave birth to her first child, a daughter, Blue Ivy Carter, at Lenox Hill Hospital in New York. Five months later, she performed for four nights at Revel Atlantic City's Ovation Hall to celebrate the resort's opening, her first performances since giving birth to Blue Ivy.",What was Beyoncé performing at Revel Atlantic City's Ovation Hall,Revel Atlantic City's Ovation Hall
4,"On January 7, 2012, Beyoncé gave birth to her first child, a daughter, Blue Ivy Carter, at Lenox Hill Hospital in New York. Five months later, she performed for four nights at Revel Atlantic City's Ovation Hall to celebrate the resort's opening, her first performances since giving birth to Blue Ivy.",What was Beyoncé performing for?,four
5,"In January 2013, Destiny's Child released Love Songs, a compilation album of the romance-themed songs from their previous albums and a newly recorded track, ""Nuclear"". Beyoncé performed the American national anthem singing along with a pre-recorded track at President Obama's second inauguration in Washington, D.C. The following month, Beyoncé performed at the Super Bowl XLVII halftime show, held at the Mercedes-Benz Superdome in New Orleans. The performance stands as the second most tweeted about moment in history at 268,000 tweets per minute. At the 55th Annual Grammy Awards, Beyoncé won for Best Traditional R&B Performance for ""Love on Top"". Her feature-length documentary film, Life Is But a Dream, first aired on HBO on February 16, 2013. The film, which she directed and produced herself, featured footage from her childhood, her as a mother and businesswoman, recording, rehearsing for live performances, and her return to the spotlight following Blue Ivy's birth. Its DVD release in November 2013 was accompanied by footage from the Revel Presents: Beyoncé Live concerts and a new song, ""God Made You Beautiful"". In February 2013, Beyoncé signed a global publishing agreement with Warner/Chappell Music, which would cover her future songwriting and then-upcoming studio album.",What songs from Destiny's Child's previous albums are on Love Songs?,romance
6,"In January 2013, Destiny's Child released Love Songs, a compilation album of the romance-themed songs from their previous albums and a newly recorded track, ""Nuclear"". Beyoncé performed the American national anthem singing along with a pre-recorded track at President Obama's second inauguration in Washington, D.C. The following month, Beyoncé performed at the Super Bowl XLVII halftime show, held at the Mercedes-Benz Superdome in New Orleans. The performance stands as the second most tweeted about moment in history at 268,000 tweets per minute. At the 55th Annual Grammy Awards, Beyoncé won for Best Traditional R&B Performance for ""Love on Top"". Her feature-length documentary film, Life Is But a Dream, first aired on HBO on February 16, 2013. The film, which she directed and produced herself, featured footage from her childhood, her as a mother and businesswoman, recording, rehearsing for live performances, and her return to the spotlight following Blue Ivy's birth. Its DVD release in November 2013 was accompanied by footage from the Revel Presents: Beyoncé Live concerts and a new song, ""God Made You Beautiful"". In February 2013, Beyoncé signed a global publishing agreement with Warner/Chappell Music, which would cover her future songwriting and then-upcoming studio album.",What was Beyoncé's feature-length documentary film?,Life Is But a Dream
7,"In January 2013, Destiny's Child released Love Songs, a compilation album of the romance-themed songs from their previous albums and a newly recorded track, ""Nuclear"". Beyoncé performed the American national anthem singing along with a pre-recorded track at President Obama's second inauguration in Washington, D.C. The following month, Beyoncé performed at the Super Bowl XLVII halftime show, held at the Mercedes-Benz Superdome in New Orleans. The performance stands as the second most tweeted about moment in history at 268,000 tweets per minute. At the 55th Annual Grammy Awards, Beyoncé won for Best Traditional R&B Performance for ""Love on Top"". Her feature-length documentary film, Life Is But a Dream, first aired on HBO on February 16, 2013. The film, which she directed and produced herself, featured footage from her childhood, her as a mother and businesswoman, recording, rehearsing for live performances, and her return to the spotlight following Blue Ivy's birth. Its DVD release in November 2013 was accompanied by footage from the Revel Presents: Beyoncé Live concerts and a new song, ""God Made You Beautiful"". In February 2013, Beyoncé signed a global publishing agreement with Warner/Chappell Music, which would cover her future songwriting and then-upcoming studio album.",What was Beyoncé's global publishing agreement?,global publishing agreement
8,"In January 2013, Destiny's Child released Love Songs, a compilation album of the romance-themed songs from their previous albums and a newly recorded track, ""Nuclear"". Beyoncé performed the American national anthem singing along with a pre-recorded track at President Obama's second inauguration in Washington, D.C. The following month, Beyoncé performed at the Super Bowl XLVII halftime show, held at the Mercedes-Benz Superdome in New Orleans. The performance stands as the second most tweeted about moment in history at 268,000 tweets per minute. At the 55th Annual Grammy Awards, Beyoncé won for Best Traditional R&B Performance for ""Love on Top"". Her feature-length documentary film, Life Is But a Dream, first aired on HBO on February 16, 2013. The film, which she directed and produced herself, featured footage from her childhood, her as a mother and businesswoman, recording, rehearsing for live performances, and her return to the spotlight following Blue Ivy's birth. Its DVD release in November 2013 was accompanied by footage from the Revel Presents: Beyoncé Live concerts and a new song, ""God Made You Beautiful"". In February 2013, Beyoncé signed a global publishing agreement with Warner/Chappell Music, which would cover her future songwriting and then-upcoming studio album.",What was Beyoncé's debut album?,January 2013
9,"In January 2013, Destiny's Child released Love Songs, a compilation album of the romance-themed songs from their previous albums and a newly recorded track, ""Nuclear"". Beyoncé performed the American national anthem singing along with a pre-recorded track at President Obama's second inauguration in Washington, D.C. The following month, Beyoncé performed at the Super Bowl XLVII halftime show, held at the Mercedes-Benz Superdome in New Orleans. The performance stands as the second most tweeted about moment in history at 268,000 tweets per minute. At the 55th Annual Grammy Awards, Beyoncé won for Best Traditional R&B Performance for ""Love on Top"". Her feature-length documentary film, Life Is But a Dream, first aired on HBO on February 16, 2013. The film, which she directed and produced herself, featured footage from her childhood, her as a mother and businesswoman, recording, rehearsing for live performances, and her return to the spotlight following Blue Ivy's birth. Its DVD release in November 2013 was accompanied by footage from the Revel Presents: Beyoncé Live concerts and a new song, ""God Made You Beautiful"". In February 2013, Beyoncé signed a global publishing agreement with Warner/Chappell Music, which would cover her future songwriting and then-upcoming studio album.",What song did Beyoncé record?,Nuclear
10,"In January 2013, Destiny's Child released Love Songs, a compilation album of the romance-themed songs from their previous albums and a newly recorded track, ""Nuclear"". Beyoncé performed the American national anthem singing along with a pre-recorded track at President Obama's second inauguration in Washington, D.C. The following month, Beyoncé performed at the Super Bowl XLVII halftime show, held at the Mercedes-Benz Superdome in New Orleans. The performance stands as the second most tweeted about moment in history at 268,000 tweets per minute. At the 55th Annual Grammy Awards, Beyoncé won for Best Traditional R&B Performance for ""Love on Top"". Her feature-length documentary film, Life Is But a Dream, first aired on HBO on February 16, 2013. The film, which she directed and produced herself, featured footage from her childhood, her as a mother and businesswoman, recording, rehearsing for live performances, and her return to the spotlight following Blue Ivy's birth. Its DVD release in November 2013 was accompanied by footage from the Revel Presents: Beyoncé Live concerts and a new song, ""God Made You Beautiful"". In February 2013, Beyoncé signed a global publishing agreement with Warner/Chappell Music, which would cover her future songwriting and then-upcoming studio album.",What song did Beyoncé perform at the second inauguration of President Obama?,President Obama
11,"In January 2013, Destiny's Child released Love Songs, a compilation album of the romance-themed songs from their previous albums and a newly recorded track, ""Nuclear"". Beyoncé performed the American national anthem singing along with a pre-recorded track at President Obama's second inauguration in Washington, D.C. The following month, Beyoncé performed at the Super Bowl XLVII halftime show, held at the Mercedes-Benz Superdome in New Orleans. The performance stands as the second most tweeted about moment in history at 268,000 tweets per minute. At the 55th Annual Grammy Awards, Beyoncé won for Best Traditional R&B Performance for ""Love on Top"". Her feature-length documentary film, Life Is But a Dream, first aired on HBO on February 16, 2013. The film, which she directed and produced herself, featured footage from her childhood, her as a mother and businesswoman, recording, rehearsing for live performances, and her return to the spotlight following Blue Ivy's birth. Its DVD release in November 2013 was accompanied by footage from the Revel Presents: Beyoncé Live concerts and a new song, ""God Made You Beautiful"". In February 2013, Beyoncé signed a global publishing agreement with Warner/Chappell Music, which would cover her future songwriting and then-upcoming studio album.",What is the second most tweeted about moment in history?,"268,000 tweets per minute"
12,"In January 2013, Destiny's Child released Love Songs, a compilation album of the romance-themed songs from their previous albums and a newly recorded track, ""Nuclear"". Beyoncé performed the American national anthem singing along with a pre-recorded track at President Obama's second inauguration in Washington, D.C. The following month, Beyoncé performed at the Super Bowl XLVII halftime show, held at the Mercedes-Benz Superdome in New Orleans. The performance stands as the second most tweeted about moment in history at 268,000 tweets per minute. At the 55th Annual Grammy Awards, Beyoncé won for Best Traditional R&B Performance for ""Love on Top"". Her feature-length documentary film, Life Is But a Dream, first aired on HBO on February 16, 2013. The film, which she directed and produced herself, featured footage from her childhood, her as a mother and businesswoman, recording, rehearsing for live performances, and her return to the spotlight following Blue Ivy's birth. Its DVD release in November 2013 was accompanied by footage from the Revel Presents: Beyoncé Live concerts and a new song, ""God Made You Beautiful"". In February 2013, Beyoncé signed a global publishing agreement with Warner/Chappell Music, which would cover her future songwriting and then-upcoming studio album.",What was Beyoncé's debut album?,January 2013
13,"In January 2013, Destiny's Child released Love Songs, a compilation album of the romance-themed songs from their previous albums and a newly recorded track, ""Nuclear"". Beyoncé performed the American national anthem singing along with a pre-recorded track at President Obama's second inauguration in Washington, D.C. The following month, Beyoncé performed at the Super Bowl XLVII halftime show, held at the Mercedes-Benz Superdome in New Orleans. The performance stands as the second most tweeted about moment in history at 268,000 tweets per minute. At the 55th Annual Grammy Awards, Beyoncé won for Best Traditional R&B Performance for ""Love on Top"". Her feature-length documentary film, Life Is But a Dream, first aired on HBO on February 16, 2013. The film, which she directed and produced herself, featured footage from her childhood, her as a mother and businesswoman, recording, rehearsing for live performances, and her return to the spotlight following Blue Ivy's birth. Its DVD release in November 2013 was accompanied by footage from the Revel Presents: Beyoncé Live concerts and a new song, ""God Made You Beautiful"". In February 2013, Beyoncé signed a global publishing agreement with Warner/Chappell Music, which would cover her future songwriting and then-upcoming studio album.",What song did Beyoncé record?,Nuclear
14,"In January 2013, Destiny's Child released Love Songs, a compilation album of the romance-themed songs from their previous albums and a newly recorded track, ""Nuclear"". Beyoncé performed the American national anthem singing along with a pre-recorded track at President Obama's second inauguration in Washington, D.C. The following month, Beyoncé performed at the Super Bowl XLVII halftime show, held at the Mercedes-Benz Superdome in New Orleans. The performance stands as the second most tweeted about moment in history at 268,000 tweets per minute. At the 55th Annual Grammy Awards, Beyoncé won for Best Traditional R&B Performance for ""Love on Top"". Her feature-length documentary film, Life Is But a Dream, first aired on HBO on February 16, 2013. The film, which she directed and produced herself, featured footage from her childhood, her as a mother and businesswoman, recording, rehearsing for live performances, and her return to the spotlight following Blue Ivy's birth. Its DVD release in November 2013 was accompanied by footage from the Revel Presents: Beyoncé Live concerts and a new song, ""God Made You Beautiful"". In February 2013, Beyoncé signed a global publishing agreement with Warner/Chappell Music, which would cover her future songwriting and then-upcoming studio album.",What song did Beyoncé perform at the inauguration of President Obama?,the American national anthem
15,"In January 2013, Destiny's Child released Love Songs, a compilation album of the romance-themed songs from their previous albums and a newly recorded track, ""Nuclear"". Beyoncé performed the American national anthem singing along with a pre-recorded track at President Obama's second inauguration in Washington, D.C. The following month, Beyoncé performed at the Super Bowl XLVII halftime show, held at the Mercedes-Benz Superdome in New Orleans. The performance stands as the second most tweeted about moment in history at 268,000 tweets per minute. At the 55th Annual Grammy Awards, Beyoncé won for Best Traditional R&B Performance for ""Love on Top"". Her feature-length documentary film, Life Is But a Dream, first aired on HBO on February 16, 2013. The film, which she directed and produced herself, featured footage from her childhood, her as a mother and businesswoman, recording, rehearsing for live performances, and her return to the spotlight following Blue Ivy's birth. Its DVD release in November 2013 was accompanied by footage from the Revel Presents: Beyoncé Live concerts and a new song, ""God Made You Beautiful"". In February 2013, Beyoncé signed a global publishing agreement with Warner/Chappell Music, which would cover her future songwriting and then-upcoming studio album.",What was Beyoncé performing at the Super Bowl XLVII halftime,Super Bowl XLVII halftime show
16,"In January 2013, Destiny's Child released Love Songs, a compilation album of the romance-themed songs from their previous albums and a newly recorded track, ""Nuclear"". Beyoncé performed the American national anthem singing along with a pre-recorded track at President Obama's second inauguration in Washington, D.C. The following month, Beyoncé performed at the Super Bowl XLVII halftime show, held at the Mercedes-Benz Superdome in New Orleans. The performance stands as the second most tweeted about moment in history at 268,000 tweets per minute. At the 55th Annual Grammy Awards, Beyoncé won for Best Traditional R&B Performance for ""Love on Top"". Her feature-length documentary film, Life Is But a Dream, first aired on HBO on February 16, 2013. The film, which she directed and produced herself, featured footage from her childhood, her as a mother and businesswoman, recording, rehearsing for live performances, and her return to the spotlight following Blue Ivy's birth. Its DVD release in November 2013 was accompanied by footage from the Revel Presents: Beyoncé Live concerts and a new song, ""God Made You Beautiful"". In February 2013, Beyoncé signed a global publishing agreement with Warner/Chappell Music, which would cover her future songwriting and then-upcoming studio album.",What was Beyoncé's feature-length documentary film?,Life Is But a Dream
17,"Beyoncé embarked on The Mrs. Carter Show World Tour on April 15 in Belgrade, Serbia; the tour included 132 dates that ran through to March 2014. It became the most successful tour of her career and one of the most-successful tours of all time. In May, Beyoncé's cover of Amy Winehouse's ""Back to Black"" with André 3000 on The Great Gatsby soundtrack was released. She was also honorary chair of the 2013 Met Gala. Beyoncé voiced Queen Tara in the 3D CGI animated film, Epic, released by 20th Century Fox on May 24, and recorded an original song for the film, ""Rise Up"", co-written with Sia.",What dates did Beyoncé embark on The Mrs. Carter Show World Tour?,132
18,"Beyoncé embarked on The Mrs. Carter Show World Tour on April 15 in Belgrade, Serbia; the tour included 132 dates that ran through to March 2014. It became the most successful tour of her career and one of the most-successful tours of all time. In May, Beyoncé's cover of Amy Winehouse's ""Back to Black"" with André 3000 on The Great Gatsby soundtrack was released. She was also honorary chair of the 2013 Met Gala. Beyoncé voiced Queen Tara in the 3D CGI animated film, Epic, released by 20th Century Fox on May 24, and recorded an original song for the film, ""Rise Up"", co-written with Sia.",What was Beyoncé's most successful tour?,The Mrs. Carter Show
19,"Beyoncé embarked on The Mrs. Carter Show World Tour on April 15 in Belgrade, Serbia; the tour included 132 dates that ran through to March 2014. It became the most successful tour of her career and one of the most-successful tours of all time. In May, Beyoncé's cover of Amy Winehouse's ""Back to Black"" with André 3000 on The Great Gatsby soundtrack was released. She was also honorary chair of the 2013 Met Gala. Beyoncé voiced Queen Tara in the 3D CGI animated film, Epic, released by 20th Century Fox on May 24, and recorded an original song for the film, ""Rise Up"", co-written with Sia.",What song did Beyoncé sing for Epic?,Rise Up
20,"Beyoncé embarked on The Mrs. Carter Show World Tour on April 15 in Belgrade, Serbia; the tour included 132 dates that ran through to March 2014. It became the most successful tour of her career and one of the most-successful tours of all time. In May, Beyoncé's cover of Amy Winehouse's ""Back to Black"" with André 3000 on The Great Gatsby soundtrack was released. She was also honorary chair of the 2013 Met Gala. Beyoncé voiced Queen Tara in the 3D CGI animated film, Epic, released by 20th Century Fox on May 24, and recorded an original song for the film, ""Rise Up"", co-written with Sia.",What was Beyoncé's most successful tour?,Epic
21,"Beyoncé embarked on The Mrs. Carter Show World Tour on April 15 in Belgrade, Serbia; the tour included 132 dates that ran through to March 2014. It became the most successful tour of her career and one of the most-successful tours of all time. In May, Beyoncé's cover of Amy Winehouse's ""Back to Black"" with André 3000 on The Great Gatsby soundtrack was released. She was also honorary chair of the 2013 Met Gala. Beyoncé voiced Queen Tara in the 3D CGI animated film, Epic, released by 20th Century Fox on May 24, and recorded an original song for the film, ""Rise Up"", co-written with Sia.",What was Beyoncé's World Tour?,April 15
22,"Beyoncé embarked on The Mrs. Carter Show World Tour on April 15 in Belgrade, Serbia; the tour included 132 dates that ran through to March 2014. It became the most successful tour of her career and one of the most-successful tours of all time. In May, Beyoncé's cover of Amy Winehouse's ""Back to Black"" with André 3000 on The Great Gatsby soundtrack was released. She was also honorary chair of the 2013 Met Gala. Beyoncé voiced Queen Tara in the 3D CGI animated film, Epic, released by 20th Century Fox on May 24, and recorded an original song for the film, ""Rise Up"", co-written with Sia.",What was Beyoncé honorary chair of the 2013 Met Gala?,2013 Met Gala
23,"Beyoncé embarked on The Mrs. Carter Show World Tour on April 15 in Belgrade, Serbia; the tour included 132 dates that ran through to March 2014. It became the most successful tour of her career and one of the most-successful tours of all time. In May, Beyoncé's cover of Amy Winehouse's ""Back to Black"" with André 3000 on The Great Gatsby soundtrack was released. She was also honorary chair of the 2013 Met Gala. Beyoncé voiced Queen Tara in the 3D CGI animated film, Epic, released by 20th Century Fox on May 24, and recorded an original song for the film, ""Rise Up"", co-written with Sia.",What was Beyoncé's voice in Epic?,Queen Tara
24,"Beyoncé embarked on The Mrs. Carter Show World Tour on April 15 in Belgrade, Serbia; the tour included 132 dates that ran through to March 2014. It became the most successful tour of her career and one of the most-successful tours of all time. In May, Beyoncé's cover of Amy Winehouse's ""Back to Black"" with André 3000 on The Great Gatsby soundtrack was released. She was also honorary chair of the 2013 Met Gala. Beyoncé voiced Queen Tara in the 3D CGI animated film, Epic, released by 20th Century Fox on May 24, and recorded an original song for the film, ""Rise Up"", co-written with Sia.",What song did Beyoncé sing for Epic?,Rise Up
25,"Beyoncé embarked on The Mrs. Carter Show World Tour on April 15 in Belgrade, Serbia; the tour included 132 dates that ran through to March 2014. It became the most successful tour of her career and one of the most-successful tours of all time. In May, Beyoncé's cover of Amy Winehouse's ""Back to Black"" with André 3000 on The Great Gatsby soundtrack was released. She was also honorary chair of the 2013 Met Gala. Beyoncé voiced Queen Tara in the 3D CGI animated film, Epic, released by 20th Century Fox on May 24, and recorded an original song for the film, ""Rise Up"", co-written with Sia.",What was Beyoncé's most successful tour?,The Mrs. Carter Show World Tour
26,"Beyoncé embarked on The Mrs. Carter Show World Tour on April 15 in Belgrade, Serbia; the tour included 132 dates that ran through to March 2014. It became the most successful tour of her career and one of the most-successful tours of all time. In May, Beyoncé's cover of Amy Winehouse's ""Back to Black"" with André 3000 on The Great Gatsby soundtrack was released. She was also honorary chair of the 2013 Met Gala. Beyoncé voiced Queen Tara in the 3D CGI animated film, Epic, released by 20th Century Fox on May 24, and recorded an original song for the film, ""Rise Up"", co-written with Sia.",What dates did Beyoncé embark on The Mrs. Carter Show World Tour?,132
27,"Beyoncé embarked on The Mrs. Carter Show World Tour on April 15 in Belgrade, Serbia; the tour included 132 dates that ran through to March 2014. It became the most successful tour of her career and one of the most-successful tours of all time. In May, Beyoncé's cover of Amy Winehouse's ""Back to Black"" with André 3000 on The Great Gatsby soundtrack was released. She was also honorary chair of the 2013 Met Gala. Beyoncé voiced Queen Tara in the 3D CGI animated film, Epic, released by 20th Century Fox on May 24, and recorded an original song for the film, ""Rise Up"", co-written with Sia.","What was Beyoncé's cover of Amy Winehouse's ""Back to",Back to Black
28,"Beyoncé embarked on The Mrs. Carter Show World Tour on April 15 in Belgrade, Serbia; the tour included 132 dates that ran through to March 2014. It became the most successful tour of her career and one of the most-successful tours of all time. In May, Beyoncé's cover of Amy Winehouse's ""Back to Black"" with André 3000 on The Great Gatsby soundtrack was released. She was also honorary chair of the 2013 Met Gala. Beyoncé voiced Queen Tara in the 3D CGI animated film, Epic, released by 20th Century Fox on May 24, and recorded an original song for the film, ""Rise Up"", co-written with Sia.",What was Beyoncé honorary chair of the 2013 Met Gala?,Met Gala.
29,"Beyoncé embarked on The Mrs. Carter Show World Tour on April 15 in Belgrade, Serbia; the tour included 132 dates that ran through to March 2014. It became the most successful tour of her career and one of the most-successful tours of all time. In May, Beyoncé's cover of Amy Winehouse's ""Back to Black"" with André 3000 on The Great Gatsby soundtrack was released. She was also honorary chair of the 2013 Met Gala. Beyoncé voiced Queen Tara in the 3D CGI animated film, Epic, released by 20th Century Fox on May 24, and recorded an original song for the film, ""Rise Up"", co-written with Sia.",What was Beyoncé's voice in Epic?,Queen Tara
30,"On December 13, 2013, Beyoncé unexpectedly released her eponymous fifth studio album on the iTunes Store without any prior announcement or promotion. The album debuted atop the Billboard 200 chart, giving Beyoncé her fifth consecutive number-one album in the US. This made her the first woman in the chart's history to have her first five studio albums debut at number one. Beyoncé received critical acclaim and commercial success, selling one million digital copies worldwide in six days; The New York Times noted the album's unconventional, unexpected release as significant. Musically an electro-R&B album, it concerns darker themes previously unexplored in her work, such as ""bulimia, postnatal depression [and] the fears and insecurities of marriage and motherhood"". The single ""Drunk in Love"", featuring Jay Z, peaked at number two on the Billboard Hot 100 chart. In April 2014, after much speculation in the weeks before, Beyoncé and Jay Z officially announced their On the Run Tour. It served as the couple's first co-headlining stadium tour together. On August 24, 2014, she received the Video Vanguard Award at the 2014 MTV Video Music Awards. Knowles also took home three competitive awards: Best Video with a Social Message and Best Cinematography for ""Pretty Hurts"", as well as best collaboration for ""Drunk in Love"". In November, Forbes reported that Beyoncé was the top-earning woman in music for the second year in a row—earning $115 million in the year, more than double her earnings in 2013. Beyoncé was reissued with new material in three forms: as an extended play, a box set, as well as a full platinum edition.",What album did Beyoncé release without any prior announcement or promotion?,the iTunes Store
31,"On December 13, 2013, Beyoncé unexpectedly released her eponymous fifth studio album on the iTunes Store without any prior announcement or promotion. The album debuted atop the Billboard 200 chart, giving Beyoncé her fifth consecutive number-one album in the US. This made her the first woman in the chart's history to have her first five studio albums debut at number one. Beyoncé received critical acclaim and commercial success, selling one million digital copies worldwide in six days; The New York Times noted the album's unconventional, unexpected release as significant. Musically an electro-R&B album, it concerns darker themes previously unexplored in her work, such as ""bulimia, postnatal depression [and] the fears and insecurities of marriage and motherhood"". The single ""Drunk in Love"", featuring Jay Z, peaked at number two on the Billboard Hot 100 chart. In April 2014, after much speculation in the weeks before, Beyoncé and Jay Z officially announced their On the Run Tour. It served as the couple's first co-headlining stadium tour together. On August 24, 2014, she received the Video Vanguard Award at the 2014 MTV Video Music Awards. Knowles also took home three competitive awards: Best Video with a Social Message and Best Cinematography for ""Pretty Hurts"", as well as best collaboration for ""Drunk in Love"". In November, Forbes reported that Beyoncé was the top-earning woman in music for the second year in a row—earning $115 million in the year, more than double her earnings in 2013. Beyoncé was reissued with new material in three forms: as an extended play, a box set, as well as a full platinum edition.",What was Beyoncé's fifth studio album?,"December 13, 2013"
32,"On December 13, 2013, Beyoncé unexpectedly released her eponymous fifth studio album on the iTunes Store without any prior announcement or promotion. The album debuted atop the Billboard 200 chart, giving Beyoncé her fifth consecutive number-one album in the US. This made her the first woman in the chart's history to have her first five studio albums debut at number one. Beyoncé received critical acclaim and commercial success, selling one million digital copies worldwide in six days; The New York Times noted the album's unconventional, unexpected release as significant. Musically an electro-R&B album, it concerns darker themes previously unexplored in her work, such as ""bulimia, postnatal depression [and] the fears and insecurities of marriage and motherhood"". The single ""Drunk in Love"", featuring Jay Z, peaked at number two on the Billboard Hot 100 chart. In April 2014, after much speculation in the weeks before, Beyoncé and Jay Z officially announced their On the Run Tour. It served as the couple's first co-headlining stadium tour together. On August 24, 2014, she received the Video Vanguard Award at the 2014 MTV Video Music Awards. Knowles also took home three competitive awards: Best Video with a Social Message and Best Cinematography for ""Pretty Hurts"", as well as best collaboration for ""Drunk in Love"". In November, Forbes reported that Beyoncé was the top-earning woman in music for the second year in a row—earning $115 million in the year, more than double her earnings in 2013. Beyoncé was reissued with new material in three forms: as an extended play, a box set, as well as a full platinum edition.",What album did Beyoncé release without any prior announcement or promotion?,the iTunes Store
33,"On December 13, 2013, Beyoncé unexpectedly released her eponymous fifth studio album on the iTunes Store without any prior announcement or promotion. The album debuted atop the Billboard 200 chart, giving Beyoncé her fifth consecutive number-one album in the US. This made her the first woman in the chart's history to have her first five studio albums debut at number one. Beyoncé received critical acclaim and commercial success, selling one million digital copies worldwide in six days; The New York Times noted the album's unconventional, unexpected release as significant. Musically an electro-R&B album, it concerns darker themes previously unexplored in her work, such as ""bulimia, postnatal depression [and] the fears and insecurities of marriage and motherhood"". The single ""Drunk in Love"", featuring Jay Z, peaked at number two on the Billboard Hot 100 chart. In April 2014, after much speculation in the weeks before, Beyoncé and Jay Z officially announced their On the Run Tour. It served as the couple's first co-headlining stadium tour together. On August 24, 2014, she received the Video Vanguard Award at the 2014 MTV Video Music Awards. Knowles also took home three competitive awards: Best Video with a Social Message and Best Cinematography for ""Pretty Hurts"", as well as best collaboration for ""Drunk in Love"". In November, Forbes reported that Beyoncé was the top-earning woman in music for the second year in a row—earning $115 million in the year, more than double her earnings in 2013. Beyoncé was reissued with new material in three forms: as an extended play, a box set, as well as a full platinum edition.",What was Beyoncé's first album to debut at number one?,Jay Z
34,"On December 13, 2013, Beyoncé unexpectedly released her eponymous fifth studio album on the iTunes Store without any prior announcement or promotion. The album debuted atop the Billboard 200 chart, giving Beyoncé her fifth consecutive number-one album in the US. This made her the first woman in the chart's history to have her first five studio albums debut at number one. Beyoncé received critical acclaim and commercial success, selling one million digital copies worldwide in six days; The New York Times noted the album's unconventional, unexpected release as significant. Musically an electro-R&B album, it concerns darker themes previously unexplored in her work, such as ""bulimia, postnatal depression [and] the fears and insecurities of marriage and motherhood"". The single ""Drunk in Love"", featuring Jay Z, peaked at number two on the Billboard Hot 100 chart. In April 2014, after much speculation in the weeks before, Beyoncé and Jay Z officially announced their On the Run Tour. It served as the couple's first co-headlining stadium tour together. On August 24, 2014, she received the Video Vanguard Award at the 2014 MTV Video Music Awards. Knowles also took home three competitive awards: Best Video with a Social Message and Best Cinematography for ""Pretty Hurts"", as well as best collaboration for ""Drunk in Love"". In November, Forbes reported that Beyoncé was the top-earning woman in music for the second year in a row—earning $115 million in the year, more than double her earnings in 2013. Beyoncé was reissued with new material in three forms: as an extended play, a box set, as well as a full platinum edition.",What year was Beyoncé the top-earning woman in music?,Forbes
35,"On December 13, 2013, Beyoncé unexpectedly released her eponymous fifth studio album on the iTunes Store without any prior announcement or promotion. The album debuted atop the Billboard 200 chart, giving Beyoncé her fifth consecutive number-one album in the US. This made her the first woman in the chart's history to have her first five studio albums debut at number one. Beyoncé received critical acclaim and commercial success, selling one million digital copies worldwide in six days; The New York Times noted the album's unconventional, unexpected release as significant. Musically an electro-R&B album, it concerns darker themes previously unexplored in her work, such as ""bulimia, postnatal depression [and] the fears and insecurities of marriage and motherhood"". The single ""Drunk in Love"", featuring Jay Z, peaked at number two on the Billboard Hot 100 chart. In April 2014, after much speculation in the weeks before, Beyoncé and Jay Z officially announced their On the Run Tour. It served as the couple's first co-headlining stadium tour together. On August 24, 2014, she received the Video Vanguard Award at the 2014 MTV Video Music Awards. Knowles also took home three competitive awards: Best Video with a Social Message and Best Cinematography for ""Pretty Hurts"", as well as best collaboration for ""Drunk in Love"". In November, Forbes reported that Beyoncé was the top-earning woman in music for the second year in a row—earning $115 million in the year, more than double her earnings in 2013. Beyoncé was reissued with new material in three forms: as an extended play, a box set, as well as a full platinum edition.",What was Beyoncé's earnings in 2013?,more than double her earnings
36,"On December 13, 2013, Beyoncé unexpectedly released her eponymous fifth studio album on the iTunes Store without any prior announcement or promotion. The album debuted atop the Billboard 200 chart, giving Beyoncé her fifth consecutive number-one album in the US. This made her the first woman in the chart's history to have her first five studio albums debut at number one. Beyoncé received critical acclaim and commercial success, selling one million digital copies worldwide in six days; The New York Times noted the album's unconventional, unexpected release as significant. Musically an electro-R&B album, it concerns darker themes previously unexplored in her work, such as ""bulimia, postnatal depression [and] the fears and insecurities of marriage and motherhood"". The single ""Drunk in Love"", featuring Jay Z, peaked at number two on the Billboard Hot 100 chart. In April 2014, after much speculation in the weeks before, Beyoncé and Jay Z officially announced their On the Run Tour. It served as the couple's first co-headlining stadium tour together. On August 24, 2014, she received the Video Vanguard Award at the 2014 MTV Video Music Awards. Knowles also took home three competitive awards: Best Video with a Social Message and Best Cinematography for ""Pretty Hurts"", as well as best collaboration for ""Drunk in Love"". In November, Forbes reported that Beyoncé was the top-earning woman in music for the second year in a row—earning $115 million in the year, more than double her earnings in 2013. Beyoncé was reissued with new material in three forms: as an extended play, a box set, as well as a full platinum edition.",What was Beyoncé's fifth studio album?,"December 13, 2013"
37,"On December 13, 2013, Beyoncé unexpectedly released her eponymous fifth studio album on the iTunes Store without any prior announcement or promotion. The album debuted atop the Billboard 200 chart, giving Beyoncé her fifth consecutive number-one album in the US. This made her the first woman in the chart's history to have her first five studio albums debut at number one. Beyoncé received critical acclaim and commercial success, selling one million digital copies worldwide in six days; The New York Times noted the album's unconventional, unexpected release as significant. Musically an electro-R&B album, it concerns darker themes previously unexplored in her work, such as ""bulimia, postnatal depression [and] the fears and insecurities of marriage and motherhood"". The single ""Drunk in Love"", featuring Jay Z, peaked at number two on the Billboard Hot 100 chart. In April 2014, after much speculation in the weeks before, Beyoncé and Jay Z officially announced their On the Run Tour. It served as the couple's first co-headlining stadium tour together. On August 24, 2014, she received the Video Vanguard Award at the 2014 MTV Video Music Awards. Knowles also took home three competitive awards: Best Video with a Social Message and Best Cinematography for ""Pretty Hurts"", as well as best collaboration for ""Drunk in Love"". In November, Forbes reported that Beyoncé was the top-earning woman in music for the second year in a row—earning $115 million in the year, more than double her earnings in 2013. Beyoncé was reissued with new material in three forms: as an extended play, a box set, as well as a full platinum edition.",What was the first woman in the chart's history to have her first five studio albums debut,one million
38,"On December 13, 2013, Beyoncé unexpectedly released her eponymous fifth studio album on the iTunes Store without any prior announcement or promotion. The album debuted atop the Billboard 200 chart, giving Beyoncé her fifth consecutive number-one album in the US. This made her the first woman in the chart's history to have her first five studio albums debut at number one. Beyoncé received critical acclaim and commercial success, selling one million digital copies worldwide in six days; The New York Times noted the album's unconventional, unexpected release as significant. Musically an electro-R&B album, it concerns darker themes previously unexplored in her work, such as ""bulimia, postnatal depression [and] the fears and insecurities of marriage and motherhood"". The single ""Drunk in Love"", featuring Jay Z, peaked at number two on the Billboard Hot 100 chart. In April 2014, after much speculation in the weeks before, Beyoncé and Jay Z officially announced their On the Run Tour. It served as the couple's first co-headlining stadium tour together. On August 24, 2014, she received the Video Vanguard Award at the 2014 MTV Video Music Awards. Knowles also took home three competitive awards: Best Video with a Social Message and Best Cinematography for ""Pretty Hurts"", as well as best collaboration for ""Drunk in Love"". In November, Forbes reported that Beyoncé was the top-earning woman in music for the second year in a row—earning $115 million in the year, more than double her earnings in 2013. Beyoncé was reissued with new material in three forms: as an extended play, a box set, as well as a full platinum edition.","What was Jay Z's single ""Drunk in Love?""?",Drunk in Love
39,"On December 13, 2013, Beyoncé unexpectedly released her eponymous fifth studio album on the iTunes Store without any prior announcement or promotion. The album debuted atop the Billboard 200 chart, giving Beyoncé her fifth consecutive number-one album in the US. This made her the first woman in the chart's history to have her first five studio albums debut at number one. Beyoncé received critical acclaim and commercial success, selling one million digital copies worldwide in six days; The New York Times noted the album's unconventional, unexpected release as significant. Musically an electro-R&B album, it concerns darker themes previously unexplored in her work, such as ""bulimia, postnatal depression [and] the fears and insecurities of marriage and motherhood"". The single ""Drunk in Love"", featuring Jay Z, peaked at number two on the Billboard Hot 100 chart. In April 2014, after much speculation in the weeks before, Beyoncé and Jay Z officially announced their On the Run Tour. It served as the couple's first co-headlining stadium tour together. On August 24, 2014, she received the Video Vanguard Award at the 2014 MTV Video Music Awards. Knowles also took home three competitive awards: Best Video with a Social Message and Best Cinematography for ""Pretty Hurts"", as well as best collaboration for ""Drunk in Love"". In November, Forbes reported that Beyoncé was the top-earning woman in music for the second year in a row—earning $115 million in the year, more than double her earnings in 2013. Beyoncé was reissued with new material in three forms: as an extended play, a box set, as well as a full platinum edition.",What was Beyoncé's first surprise release?,On the Run Tour.
40,"At the 57th Annual Grammy Awards in February 2015, Beyoncé was nominated for six awards, ultimately winning three: Best R&B Performance and Best R&B Song for ""Drunk in Love"", and Best Surround Sound Album for Beyoncé. She was nominated for Album of the Year but the award was won by Beck for his Morning Phase album. In August, the cover of the September issue of Vogue magazine was unveiled online, Beyoncé as the cover star, becoming the first African-American artist and third African-American woman in general to cover the September issue. She headlined the 2015 Made in America festival in early September and also the Global Citizen Festival later that month. Beyoncé made an uncredited featured appearance on the track ""Hymn for the Weekend"" by British rock band Coldplay, on their seventh studio album A Head Full of Dreams (2015), which saw release in December. On January 7, 2016, Pepsi announced Beyoncé would perform alongside Coldplay at Super Bowl 50 in February. Knowles has previously performed at four Super Bowl shows throughout her career, serving as the main headliner of the 47th Super Bowl halftime show in 2013.",What was the best R&B performance for Beyoncé?,three
41,"At the 57th Annual Grammy Awards in February 2015, Beyoncé was nominated for six awards, ultimately winning three: Best R&B Performance and Best R&B Song for ""Drunk in Love"", and Best Surround Sound Album for Beyoncé. She was nominated for Album of the Year but the award was won by Beck for his Morning Phase album. In August, the cover of the September issue of Vogue magazine was unveiled online, Beyoncé as the cover star, becoming the first African-American artist and third African-American woman in general to cover the September issue. She headlined the 2015 Made in America festival in early September and also the Global Citizen Festival later that month. Beyoncé made an uncredited featured appearance on the track ""Hymn for the Weekend"" by British rock band Coldplay, on their seventh studio album A Head Full of Dreams (2015), which saw release in December. On January 7, 2016, Pepsi announced Beyoncé would perform alongside Coldplay at Super Bowl 50 in February. Knowles has previously performed at four Super Bowl shows throughout her career, serving as the main headliner of the 47th Super Bowl halftime show in 2013.",What album won the award for Beyoncé?,Beck
42,"At the 57th Annual Grammy Awards in February 2015, Beyoncé was nominated for six awards, ultimately winning three: Best R&B Performance and Best R&B Song for ""Drunk in Love"", and Best Surround Sound Album for Beyoncé. She was nominated for Album of the Year but the award was won by Beck for his Morning Phase album. In August, the cover of the September issue of Vogue magazine was unveiled online, Beyoncé as the cover star, becoming the first African-American artist and third African-American woman in general to cover the September issue. She headlined the 2015 Made in America festival in early September and also the Global Citizen Festival later that month. Beyoncé made an uncredited featured appearance on the track ""Hymn for the Weekend"" by British rock band Coldplay, on their seventh studio album A Head Full of Dreams (2015), which saw release in December. On January 7, 2016, Pepsi announced Beyoncé would perform alongside Coldplay at Super Bowl 50 in February. Knowles has previously performed at four Super Bowl shows throughout her career, serving as the main headliner of the 47th Super Bowl halftime show in 2013.","In August, the cover of the September issue of Vogue magazine was unveiled online.",Vogue
43,"At the 57th Annual Grammy Awards in February 2015, Beyoncé was nominated for six awards, ultimately winning three: Best R&B Performance and Best R&B Song for ""Drunk in Love"", and Best Surround Sound Album for Beyoncé. She was nominated for Album of the Year but the award was won by Beck for his Morning Phase album. In August, the cover of the September issue of Vogue magazine was unveiled online, Beyoncé as the cover star, becoming the first African-American artist and third African-American woman in general to cover the September issue. She headlined the 2015 Made in America festival in early September and also the Global Citizen Festival later that month. Beyoncé made an uncredited featured appearance on the track ""Hymn for the Weekend"" by British rock band Coldplay, on their seventh studio album A Head Full of Dreams (2015), which saw release in December. On January 7, 2016, Pepsi announced Beyoncé would perform alongside Coldplay at Super Bowl 50 in February. Knowles has previously performed at four Super Bowl shows throughout her career, serving as the main headliner of the 47th Super Bowl halftime show in 2013.",What was Coldplay's seventh studio album?,Coldplay
44,"At the 57th Annual Grammy Awards in February 2015, Beyoncé was nominated for six awards, ultimately winning three: Best R&B Performance and Best R&B Song for ""Drunk in Love"", and Best Surround Sound Album for Beyoncé. She was nominated for Album of the Year but the award was won by Beck for his Morning Phase album. In August, the cover of the September issue of Vogue magazine was unveiled online, Beyoncé as the cover star, becoming the first African-American artist and third African-American woman in general to cover the September issue. She headlined the 2015 Made in America festival in early September and also the Global Citizen Festival later that month. Beyoncé made an uncredited featured appearance on the track ""Hymn for the Weekend"" by British rock band Coldplay, on their seventh studio album A Head Full of Dreams (2015), which saw release in December. On January 7, 2016, Pepsi announced Beyoncé would perform alongside Coldplay at Super Bowl 50 in February. Knowles has previously performed at four Super Bowl shows throughout her career, serving as the main headliner of the 47th Super Bowl halftime show in 2013.",What was the best R&B performance for Beyoncé?,three
45,"At the 57th Annual Grammy Awards in February 2015, Beyoncé was nominated for six awards, ultimately winning three: Best R&B Performance and Best R&B Song for ""Drunk in Love"", and Best Surround Sound Album for Beyoncé. She was nominated for Album of the Year but the award was won by Beck for his Morning Phase album. In August, the cover of the September issue of Vogue magazine was unveiled online, Beyoncé as the cover star, becoming the first African-American artist and third African-American woman in general to cover the September issue. She headlined the 2015 Made in America festival in early September and also the Global Citizen Festival later that month. Beyoncé made an uncredited featured appearance on the track ""Hymn for the Weekend"" by British rock band Coldplay, on their seventh studio album A Head Full of Dreams (2015), which saw release in December. On January 7, 2016, Pepsi announced Beyoncé would perform alongside Coldplay at Super Bowl 50 in February. Knowles has previously performed at four Super Bowl shows throughout her career, serving as the main headliner of the 47th Super Bowl halftime show in 2013.",What album won the award for Beyoncé?,Beck
46,"At the 57th Annual Grammy Awards in February 2015, Beyoncé was nominated for six awards, ultimately winning three: Best R&B Performance and Best R&B Song for ""Drunk in Love"", and Best Surround Sound Album for Beyoncé. She was nominated for Album of the Year but the award was won by Beck for his Morning Phase album. In August, the cover of the September issue of Vogue magazine was unveiled online, Beyoncé as the cover star, becoming the first African-American artist and third African-American woman in general to cover the September issue. She headlined the 2015 Made in America festival in early September and also the Global Citizen Festival later that month. Beyoncé made an uncredited featured appearance on the track ""Hymn for the Weekend"" by British rock band Coldplay, on their seventh studio album A Head Full of Dreams (2015), which saw release in December. On January 7, 2016, Pepsi announced Beyoncé would perform alongside Coldplay at Super Bowl 50 in February. Knowles has previously performed at four Super Bowl shows throughout her career, serving as the main headliner of the 47th Super Bowl halftime show in 2013.",What was Coldplay's seventh studio album?,Coldplay
47,"At the 57th Annual Grammy Awards in February 2015, Beyoncé was nominated for six awards, ultimately winning three: Best R&B Performance and Best R&B Song for ""Drunk in Love"", and Best Surround Sound Album for Beyoncé. She was nominated for Album of the Year but the award was won by Beck for his Morning Phase album. In August, the cover of the September issue of Vogue magazine was unveiled online, Beyoncé as the cover star, becoming the first African-American artist and third African-American woman in general to cover the September issue. She headlined the 2015 Made in America festival in early September and also the Global Citizen Festival later that month. Beyoncé made an uncredited featured appearance on the track ""Hymn for the Weekend"" by British rock band Coldplay, on their seventh studio album A Head Full of Dreams (2015), which saw release in December. On January 7, 2016, Pepsi announced Beyoncé would perform alongside Coldplay at Super Bowl 50 in February. Knowles has previously performed at four Super Bowl shows throughout her career, serving as the main headliner of the 47th Super Bowl halftime show in 2013.",What was Beyoncé nominated for?,six awards
48,"At the 57th Annual Grammy Awards in February 2015, Beyoncé was nominated for six awards, ultimately winning three: Best R&B Performance and Best R&B Song for ""Drunk in Love"", and Best Surround Sound Album for Beyoncé. She was nominated for Album of the Year but the award was won by Beck for his Morning Phase album. In August, the cover of the September issue of Vogue magazine was unveiled online, Beyoncé as the cover star, becoming the first African-American artist and third African-American woman in general to cover the September issue. She headlined the 2015 Made in America festival in early September and also the Global Citizen Festival later that month. Beyoncé made an uncredited featured appearance on the track ""Hymn for the Weekend"" by British rock band Coldplay, on their seventh studio album A Head Full of Dreams (2015), which saw release in December. On January 7, 2016, Pepsi announced Beyoncé would perform alongside Coldplay at Super Bowl 50 in February. Knowles has previously performed at four Super Bowl shows throughout her career, serving as the main headliner of the 47th Super Bowl halftime show in 2013.","In August, the cover of the September issue of Vogue magazine was unveiled online.",Vogue
49,"At the 57th Annual Grammy Awards in February 2015, Beyoncé was nominated for six awards, ultimately winning three: Best R&B Performance and Best R&B Song for ""Drunk in Love"", and Best Surround Sound Album for Beyoncé. She was nominated for Album of the Year but the award was won by Beck for his Morning Phase album. In August, the cover of the September issue of Vogue magazine was unveiled online, Beyoncé as the cover star, becoming the first African-American artist and third African-American woman in general to cover the September issue. She headlined the 2015 Made in America festival in early September and also the Global Citizen Festival later that month. Beyoncé made an uncredited featured appearance on the track ""Hymn for the Weekend"" by British rock band Coldplay, on their seventh studio album A Head Full of Dreams (2015), which saw release in December. On January 7, 2016, Pepsi announced Beyoncé would perform alongside Coldplay at Super Bowl 50 in February. Knowles has previously performed at four Super Bowl shows throughout her career, serving as the main headliner of the 47th Super Bowl halftime show in 2013.",What was Coldplay's seventh studio album?,Coldplay
50,"At the 57th Annual Grammy Awards in February 2015, Beyoncé was nominated for six awards, ultimately winning three: Best R&B Performance and Best R&B Song for ""Drunk in Love"", and Best Surround Sound Album for Beyoncé. She was nominated for Album of the Year but the award was won by Beck for his Morning Phase album. In August, the cover of the September issue of Vogue magazine was unveiled online, Beyoncé as the cover star, becoming the first African-American artist and third African-American woman in general to cover the September issue. She headlined the 2015 Made in America festival in early September and also the Global Citizen Festival later that month. Beyoncé made an uncredited featured appearance on the track ""Hymn for the Weekend"" by British rock band Coldplay, on their seventh studio album A Head Full of Dreams (2015), which saw release in December. On January 7, 2016, Pepsi announced Beyoncé would perform alongside Coldplay at Super Bowl 50 in February. Knowles has previously performed at four Super Bowl shows throughout her career, serving as the main headliner of the 47th Super Bowl halftime show in 2013.",What was Coldplay's seventh studio album?,Coldplay
51,"At the 57th Annual Grammy Awards in February 2015, Beyoncé was nominated for six awards, ultimately winning three: Best R&B Performance and Best R&B Song for ""Drunk in Love"", and Best Surround Sound Album for Beyoncé. She was nominated for Album of the Year but the award was won by Beck for his Morning Phase album. In August, the cover of the September issue of Vogue magazine was unveiled online, Beyoncé as the cover star, becoming the first African-American artist and third African-American woman in general to cover the September issue. She headlined the 2015 Made in America festival in early September and also the Global Citizen Festival later that month. Beyoncé made an uncredited featured appearance on the track ""Hymn for the Weekend"" by British rock band Coldplay, on their seventh studio album A Head Full of Dreams (2015), which saw release in December. On January 7, 2016, Pepsi announced Beyoncé would perform alongside Coldplay at Super Bowl 50 in February. Knowles has previously performed at four Super Bowl shows throughout her career, serving as the main headliner of the 47th Super Bowl halftime show in 2013.",What awards did Beyoncé win?,six
52,"At the 57th Annual Grammy Awards in February 2015, Beyoncé was nominated for six awards, ultimately winning three: Best R&B Performance and Best R&B Song for ""Drunk in Love"", and Best Surround Sound Album for Beyoncé. She was nominated for Album of the Year but the award was won by Beck for his Morning Phase album. In August, the cover of the September issue of Vogue magazine was unveiled online, Beyoncé as the cover star, becoming the first African-American artist and third African-American woman in general to cover the September issue. She headlined the 2015 Made in America festival in early September and also the Global Citizen Festival later that month. Beyoncé made an uncredited featured appearance on the track ""Hymn for the Weekend"" by British rock band Coldplay, on their seventh studio album A Head Full of Dreams (2015), which saw release in December. On January 7, 2016, Pepsi announced Beyoncé would perform alongside Coldplay at Super Bowl 50 in February. Knowles has previously performed at four Super Bowl shows throughout her career, serving as the main headliner of the 47th Super Bowl halftime show in 2013.",What was the best R&B performance for Beyoncé?,three
53,"At the 57th Annual Grammy Awards in February 2015, Beyoncé was nominated for six awards, ultimately winning three: Best R&B Performance and Best R&B Song for ""Drunk in Love"", and Best Surround Sound Album for Beyoncé. She was nominated for Album of the Year but the award was won by Beck for his Morning Phase album. In August, the cover of the September issue of Vogue magazine was unveiled online, Beyoncé as the cover star, becoming the first African-American artist and third African-American woman in general to cover the September issue. She headlined the 2015 Made in America festival in early September and also the Global Citizen Festival later that month. Beyoncé made an uncredited featured appearance on the track ""Hymn for the Weekend"" by British rock band Coldplay, on their seventh studio album A Head Full of Dreams (2015), which saw release in December. On January 7, 2016, Pepsi announced Beyoncé would perform alongside Coldplay at Super Bowl 50 in February. Knowles has previously performed at four Super Bowl shows throughout her career, serving as the main headliner of the 47th Super Bowl halftime show in 2013.",What album won the award for Beyoncé?,Beck
54,"At the 57th Annual Grammy Awards in February 2015, Beyoncé was nominated for six awards, ultimately winning three: Best R&B Performance and Best R&B Song for ""Drunk in Love"", and Best Surround Sound Album for Beyoncé. She was nominated for Album of the Year but the award was won by Beck for his Morning Phase album. In August, the cover of the September issue of Vogue magazine was unveiled online, Beyoncé as the cover star, becoming the first African-American artist and third African-American woman in general to cover the September issue. She headlined the 2015 Made in America festival in early September and also the Global Citizen Festival later that month. Beyoncé made an uncredited featured appearance on the track ""Hymn for the Weekend"" by British rock band Coldplay, on their seventh studio album A Head Full of Dreams (2015), which saw release in December. On January 7, 2016, Pepsi announced Beyoncé would perform alongside Coldplay at Super Bowl 50 in February. Knowles has previously performed at four Super Bowl shows throughout her career, serving as the main headliner of the 47th Super Bowl halftime show in 2013.","In August, the cover of the September issue of Vogue magazine was unveiled online.",Vogue
55,"At the 57th Annual Grammy Awards in February 2015, Beyoncé was nominated for six awards, ultimately winning three: Best R&B Performance and Best R&B Song for ""Drunk in Love"", and Best Surround Sound Album for Beyoncé. She was nominated for Album of the Year but the award was won by Beck for his Morning Phase album. In August, the cover of the September issue of Vogue magazine was unveiled online, Beyoncé as the cover star, becoming the first African-American artist and third African-American woman in general to cover the September issue. She headlined the 2015 Made in America festival in early September and also the Global Citizen Festival later that month. Beyoncé made an uncredited featured appearance on the track ""Hymn for the Weekend"" by British rock band Coldplay, on their seventh studio album A Head Full of Dreams (2015), which saw release in December. On January 7, 2016, Pepsi announced Beyoncé would perform alongside Coldplay at Super Bowl 50 in February. Knowles has previously performed at four Super Bowl shows throughout her career, serving as the main headliner of the 47th Super Bowl halftime show in 2013.",What was Coldplay's seventh studio album?,Coldplay
56,"On February 6, 2016, one day before her performance at the Super Bowl, Beyoncé released a new single exclusively on music streaming service Tidal called ""Formation"".","What is the new single ""Formation""?",Tidal
57,"On February 6, 2016, one day before her performance at the Super Bowl, Beyoncé released a new single exclusively on music streaming service Tidal called ""Formation"".",What is Beyoncé's new single?,Formation
58,"On February 6, 2016, one day before her performance at the Super Bowl, Beyoncé released a new single exclusively on music streaming service Tidal called ""Formation"".","What is the new single ""Formation""?","February 6, 2016"
59,"On February 6, 2016, one day before her performance at the Super Bowl, Beyoncé released a new single exclusively on music streaming service Tidal called ""Formation"".","What is the new single ""Formation""?",exclusively
60,"On February 6, 2016, one day before her performance at the Super Bowl, Beyoncé released a new single exclusively on music streaming service Tidal called ""Formation"".","What is the new single ""Formation""?",Tidal
61,"On February 6, 2016, one day before her performance at the Super Bowl, Beyoncé released a new single exclusively on music streaming service Tidal called ""Formation"".",What music streaming service is Tidal offering?,music streaming
62,"On February 6, 2016, one day before her performance at the Super Bowl, Beyoncé released a new single exclusively on music streaming service Tidal called ""Formation"".","What is the new single ""Formation""?","February 6, 2016"
63,"On February 6, 2016, one day before her performance at the Super Bowl, Beyoncé released a new single exclusively on music streaming service Tidal called ""Formation"".","What is the new single ""Formation""?",Tidal
64,"Beyoncé is believed to have first started a relationship with Jay Z after a collaboration on ""'03 Bonnie & Clyde"", which appeared on his seventh album The Blueprint 2: The Gift & The Curse (2002). Beyoncé appeared as Jay Z's girlfriend in the music video for the song, which would further fuel speculation of their relationship. On April 4, 2008, Beyoncé and Jay Z were married without publicity. As of April 2014, the couple have sold a combined 300 million records together. The couple are known for their private relationship, although they have appeared to become more relaxed in recent years. Beyoncé suffered a miscarriage in 2010 or 2011, describing it as ""the saddest thing"" she had ever endured. She returned to the studio and wrote music in order to cope with the loss. In April 2011, Beyoncé and Jay Z traveled to Paris in order to shoot the album cover for her 4, and unexpectedly became pregnant in Paris.","As of April 2014, the couple have sold a combined 300 million records together.",300 million
65,"Beyoncé is believed to have first started a relationship with Jay Z after a collaboration on ""'03 Bonnie & Clyde"", which appeared on his seventh album The Blueprint 2: The Gift & The Curse (2002). Beyoncé appeared as Jay Z's girlfriend in the music video for the song, which would further fuel speculation of their relationship. On April 4, 2008, Beyoncé and Jay Z were married without publicity. As of April 2014, the couple have sold a combined 300 million records together. The couple are known for their private relationship, although they have appeared to become more relaxed in recent years. Beyoncé suffered a miscarriage in 2010 or 2011, describing it as ""the saddest thing"" she had ever endured. She returned to the studio and wrote music in order to cope with the loss. In April 2011, Beyoncé and Jay Z traveled to Paris in order to shoot the album cover for her 4, and unexpectedly became pregnant in Paris.",What happened to Beyoncé's pregnancy?,Paris
66,"Beyoncé is believed to have first started a relationship with Jay Z after a collaboration on ""'03 Bonnie & Clyde"", which appeared on his seventh album The Blueprint 2: The Gift & The Curse (2002). Beyoncé appeared as Jay Z's girlfriend in the music video for the song, which would further fuel speculation of their relationship. On April 4, 2008, Beyoncé and Jay Z were married without publicity. As of April 2014, the couple have sold a combined 300 million records together. The couple are known for their private relationship, although they have appeared to become more relaxed in recent years. Beyoncé suffered a miscarriage in 2010 or 2011, describing it as ""the saddest thing"" she had ever endured. She returned to the studio and wrote music in order to cope with the loss. In April 2011, Beyoncé and Jay Z traveled to Paris in order to shoot the album cover for her 4, and unexpectedly became pregnant in Paris.",What was Beyoncé's first pregnancy?,miscarriage
67,"Beyoncé is believed to have first started a relationship with Jay Z after a collaboration on ""'03 Bonnie & Clyde"", which appeared on his seventh album The Blueprint 2: The Gift & The Curse (2002). Beyoncé appeared as Jay Z's girlfriend in the music video for the song, which would further fuel speculation of their relationship. On April 4, 2008, Beyoncé and Jay Z were married without publicity. As of April 2014, the couple have sold a combined 300 million records together. The couple are known for their private relationship, although they have appeared to become more relaxed in recent years. Beyoncé suffered a miscarriage in 2010 or 2011, describing it as ""the saddest thing"" she had ever endured. She returned to the studio and wrote music in order to cope with the loss. In April 2011, Beyoncé and Jay Z traveled to Paris in order to shoot the album cover for her 4, and unexpectedly became pregnant in Paris.",What is Beyoncé's relationship with Jay Z?,Jay Z
68,"Beyoncé is believed to have first started a relationship with Jay Z after a collaboration on ""'03 Bonnie & Clyde"", which appeared on his seventh album The Blueprint 2: The Gift & The Curse (2002). Beyoncé appeared as Jay Z's girlfriend in the music video for the song, which would further fuel speculation of their relationship. On April 4, 2008, Beyoncé and Jay Z were married without publicity. As of April 2014, the couple have sold a combined 300 million records together. The couple are known for their private relationship, although they have appeared to become more relaxed in recent years. Beyoncé suffered a miscarriage in 2010 or 2011, describing it as ""the saddest thing"" she had ever endured. She returned to the studio and wrote music in order to cope with the loss. In April 2011, Beyoncé and Jay Z traveled to Paris in order to shoot the album cover for her 4, and unexpectedly became pregnant in Paris.",What date did Beyoncé and Jay Z marry?,"April 4, 2008"
69,"Beyoncé is believed to have first started a relationship with Jay Z after a collaboration on ""'03 Bonnie & Clyde"", which appeared on his seventh album The Blueprint 2: The Gift & The Curse (2002). Beyoncé appeared as Jay Z's girlfriend in the music video for the song, which would further fuel speculation of their relationship. On April 4, 2008, Beyoncé and Jay Z were married without publicity. As of April 2014, the couple have sold a combined 300 million records together. The couple are known for their private relationship, although they have appeared to become more relaxed in recent years. Beyoncé suffered a miscarriage in 2010 or 2011, describing it as ""the saddest thing"" she had ever endured. She returned to the studio and wrote music in order to cope with the loss. In April 2011, Beyoncé and Jay Z traveled to Paris in order to shoot the album cover for her 4, and unexpectedly became pregnant in Paris.","As of April 2014, the couple have sold a combined 300 million records together.",300 million
70,"Beyoncé is believed to have first started a relationship with Jay Z after a collaboration on ""'03 Bonnie & Clyde"", which appeared on his seventh album The Blueprint 2: The Gift & The Curse (2002). Beyoncé appeared as Jay Z's girlfriend in the music video for the song, which would further fuel speculation of their relationship. On April 4, 2008, Beyoncé and Jay Z were married without publicity. As of April 2014, the couple have sold a combined 300 million records together. The couple are known for their private relationship, although they have appeared to become more relaxed in recent years. Beyoncé suffered a miscarriage in 2010 or 2011, describing it as ""the saddest thing"" she had ever endured. She returned to the studio and wrote music in order to cope with the loss. In April 2011, Beyoncé and Jay Z traveled to Paris in order to shoot the album cover for her 4, and unexpectedly became pregnant in Paris.",What was Beyoncé's first song?,wrote music
71,"Beyoncé is believed to have first started a relationship with Jay Z after a collaboration on ""'03 Bonnie & Clyde"", which appeared on his seventh album The Blueprint 2: The Gift & The Curse (2002). Beyoncé appeared as Jay Z's girlfriend in the music video for the song, which would further fuel speculation of their relationship. On April 4, 2008, Beyoncé and Jay Z were married without publicity. As of April 2014, the couple have sold a combined 300 million records together. The couple are known for their private relationship, although they have appeared to become more relaxed in recent years. Beyoncé suffered a miscarriage in 2010 or 2011, describing it as ""the saddest thing"" she had ever endured. She returned to the studio and wrote music in order to cope with the loss. In April 2011, Beyoncé and Jay Z traveled to Paris in order to shoot the album cover for her 4, and unexpectedly became pregnant in Paris.",What happened to Beyoncé's pregnancy?,Paris
72,"Beyoncé is believed to have first started a relationship with Jay Z after a collaboration on ""'03 Bonnie & Clyde"", which appeared on his seventh album The Blueprint 2: The Gift & The Curse (2002). Beyoncé appeared as Jay Z's girlfriend in the music video for the song, which would further fuel speculation of their relationship. On April 4, 2008, Beyoncé and Jay Z were married without publicity. As of April 2014, the couple have sold a combined 300 million records together. The couple are known for their private relationship, although they have appeared to become more relaxed in recent years. Beyoncé suffered a miscarriage in 2010 or 2011, describing it as ""the saddest thing"" she had ever endured. She returned to the studio and wrote music in order to cope with the loss. In April 2011, Beyoncé and Jay Z traveled to Paris in order to shoot the album cover for her 4, and unexpectedly became pregnant in Paris.",What song did Beyoncé appear as Jay Z's girlfriend in the music video,'03 Bonnie & Clyde
73,"Beyoncé is believed to have first started a relationship with Jay Z after a collaboration on ""'03 Bonnie & Clyde"", which appeared on his seventh album The Blueprint 2: The Gift & The Curse (2002). Beyoncé appeared as Jay Z's girlfriend in the music video for the song, which would further fuel speculation of their relationship. On April 4, 2008, Beyoncé and Jay Z were married without publicity. As of April 2014, the couple have sold a combined 300 million records together. The couple are known for their private relationship, although they have appeared to become more relaxed in recent years. Beyoncé suffered a miscarriage in 2010 or 2011, describing it as ""the saddest thing"" she had ever endured. She returned to the studio and wrote music in order to cope with the loss. In April 2011, Beyoncé and Jay Z traveled to Paris in order to shoot the album cover for her 4, and unexpectedly became pregnant in Paris.",What date did Beyoncé and Jay Z marry?,"April 4, 2008"
74,"Beyoncé is believed to have first started a relationship with Jay Z after a collaboration on ""'03 Bonnie & Clyde"", which appeared on his seventh album The Blueprint 2: The Gift & The Curse (2002). Beyoncé appeared as Jay Z's girlfriend in the music video for the song, which would further fuel speculation of their relationship. On April 4, 2008, Beyoncé and Jay Z were married without publicity. As of April 2014, the couple have sold a combined 300 million records together. The couple are known for their private relationship, although they have appeared to become more relaxed in recent years. Beyoncé suffered a miscarriage in 2010 or 2011, describing it as ""the saddest thing"" she had ever endured. She returned to the studio and wrote music in order to cope with the loss. In April 2011, Beyoncé and Jay Z traveled to Paris in order to shoot the album cover for her 4, and unexpectedly became pregnant in Paris.","As of April 2014, the couple have sold a combined 300 million records together.",300 million
75,"Beyoncé is believed to have first started a relationship with Jay Z after a collaboration on ""'03 Bonnie & Clyde"", which appeared on his seventh album The Blueprint 2: The Gift & The Curse (2002). Beyoncé appeared as Jay Z's girlfriend in the music video for the song, which would further fuel speculation of their relationship. On April 4, 2008, Beyoncé and Jay Z were married without publicity. As of April 2014, the couple have sold a combined 300 million records together. The couple are known for their private relationship, although they have appeared to become more relaxed in recent years. Beyoncé suffered a miscarriage in 2010 or 2011, describing it as ""the saddest thing"" she had ever endured. She returned to the studio and wrote music in order to cope with the loss. In April 2011, Beyoncé and Jay Z traveled to Paris in order to shoot the album cover for her 4, and unexpectedly became pregnant in Paris.",What was Beyoncé's first pregnancy?,miscarriage
76,"Beyoncé is believed to have first started a relationship with Jay Z after a collaboration on ""'03 Bonnie & Clyde"", which appeared on his seventh album The Blueprint 2: The Gift & The Curse (2002). Beyoncé appeared as Jay Z's girlfriend in the music video for the song, which would further fuel speculation of their relationship. On April 4, 2008, Beyoncé and Jay Z were married without publicity. As of April 2014, the couple have sold a combined 300 million records together. The couple are known for their private relationship, although they have appeared to become more relaxed in recent years. Beyoncé suffered a miscarriage in 2010 or 2011, describing it as ""the saddest thing"" she had ever endured. She returned to the studio and wrote music in order to cope with the loss. In April 2011, Beyoncé and Jay Z traveled to Paris in order to shoot the album cover for her 4, and unexpectedly became pregnant in Paris.",What is the name of the couple's album cover?,Paris.
77,"In August, the couple attended the 2011 MTV Video Music Awards, at which Beyoncé performed ""Love on Top"" and started the performance saying ""Tonight I want you to stand up on your feet, I want you to feel the love that's growing inside of me"". At the end of the performance, she dropped her microphone, unbuttoned her blazer and rubbed her stomach, confirming her pregnancy she had alluded to earlier in the evening. Her appearance helped that year's MTV Video Music Awards become the most-watched broadcast in MTV history, pulling in 12.4 million viewers; the announcement was listed in Guinness World Records for ""most tweets per second recorded for a single event"" on Twitter, receiving 8,868 tweets per second and ""Beyonce pregnant"" was the most Googled term the week of August 29, 2011.",What year was the most-watched broadcast in MTV history?,MTV Video Music Awards
78,"In August, the couple attended the 2011 MTV Video Music Awards, at which Beyoncé performed ""Love on Top"" and started the performance saying ""Tonight I want you to stand up on your feet, I want you to feel the love that's growing inside of me"". At the end of the performance, she dropped her microphone, unbuttoned her blazer and rubbed her stomach, confirming her pregnancy she had alluded to earlier in the evening. Her appearance helped that year's MTV Video Music Awards become the most-watched broadcast in MTV history, pulling in 12.4 million viewers; the announcement was listed in Guinness World Records for ""most tweets per second recorded for a single event"" on Twitter, receiving 8,868 tweets per second and ""Beyonce pregnant"" was the most Googled term the week of August 29, 2011.","What was the most Googled term the week of August 29, 2011?",her pregnancy
79,"In August, the couple attended the 2011 MTV Video Music Awards, at which Beyoncé performed ""Love on Top"" and started the performance saying ""Tonight I want you to stand up on your feet, I want you to feel the love that's growing inside of me"". At the end of the performance, she dropped her microphone, unbuttoned her blazer and rubbed her stomach, confirming her pregnancy she had alluded to earlier in the evening. Her appearance helped that year's MTV Video Music Awards become the most-watched broadcast in MTV history, pulling in 12.4 million viewers; the announcement was listed in Guinness World Records for ""most tweets per second recorded for a single event"" on Twitter, receiving 8,868 tweets per second and ""Beyonce pregnant"" was the most Googled term the week of August 29, 2011.",What year's most-watched broadcast in MTV history?,12.4 million
80,"In August, the couple attended the 2011 MTV Video Music Awards, at which Beyoncé performed ""Love on Top"" and started the performance saying ""Tonight I want you to stand up on your feet, I want you to feel the love that's growing inside of me"". At the end of the performance, she dropped her microphone, unbuttoned her blazer and rubbed her stomach, confirming her pregnancy she had alluded to earlier in the evening. Her appearance helped that year's MTV Video Music Awards become the most-watched broadcast in MTV history, pulling in 12.4 million viewers; the announcement was listed in Guinness World Records for ""most tweets per second recorded for a single event"" on Twitter, receiving 8,868 tweets per second and ""Beyonce pregnant"" was the most Googled term the week of August 29, 2011.",What year was the most-watched broadcast in MTV history?,2011 MTV Video Music Awards
81,"In August, the couple attended the 2011 MTV Video Music Awards, at which Beyoncé performed ""Love on Top"" and started the performance saying ""Tonight I want you to stand up on your feet, I want you to feel the love that's growing inside of me"". At the end of the performance, she dropped her microphone, unbuttoned her blazer and rubbed her stomach, confirming her pregnancy she had alluded to earlier in the evening. Her appearance helped that year's MTV Video Music Awards become the most-watched broadcast in MTV history, pulling in 12.4 million viewers; the announcement was listed in Guinness World Records for ""most tweets per second recorded for a single event"" on Twitter, receiving 8,868 tweets per second and ""Beyonce pregnant"" was the most Googled term the week of August 29, 2011.",What was Beyonce pregnant at the 2011 MTV Video Music Awards?,Her appearance
82,"In August, the couple attended the 2011 MTV Video Music Awards, at which Beyoncé performed ""Love on Top"" and started the performance saying ""Tonight I want you to stand up on your feet, I want you to feel the love that's growing inside of me"". At the end of the performance, she dropped her microphone, unbuttoned her blazer and rubbed her stomach, confirming her pregnancy she had alluded to earlier in the evening. Her appearance helped that year's MTV Video Music Awards become the most-watched broadcast in MTV history, pulling in 12.4 million viewers; the announcement was listed in Guinness World Records for ""most tweets per second recorded for a single event"" on Twitter, receiving 8,868 tweets per second and ""Beyonce pregnant"" was the most Googled term the week of August 29, 2011.",What was the Guinness World Records record for a single event?,most tweets per second
83,"In August, the couple attended the 2011 MTV Video Music Awards, at which Beyoncé performed ""Love on Top"" and started the performance saying ""Tonight I want you to stand up on your feet, I want you to feel the love that's growing inside of me"". At the end of the performance, she dropped her microphone, unbuttoned her blazer and rubbed her stomach, confirming her pregnancy she had alluded to earlier in the evening. Her appearance helped that year's MTV Video Music Awards become the most-watched broadcast in MTV history, pulling in 12.4 million viewers; the announcement was listed in Guinness World Records for ""most tweets per second recorded for a single event"" on Twitter, receiving 8,868 tweets per second and ""Beyonce pregnant"" was the most Googled term the week of August 29, 2011.","What word was the most Googled term the week of August 29, 2011?",Beyonce pregnant
84,"In August, the couple attended the 2011 MTV Video Music Awards, at which Beyoncé performed ""Love on Top"" and started the performance saying ""Tonight I want you to stand up on your feet, I want you to feel the love that's growing inside of me"". At the end of the performance, she dropped her microphone, unbuttoned her blazer and rubbed her stomach, confirming her pregnancy she had alluded to earlier in the evening. Her appearance helped that year's MTV Video Music Awards become the most-watched broadcast in MTV history, pulling in 12.4 million viewers; the announcement was listed in Guinness World Records for ""most tweets per second recorded for a single event"" on Twitter, receiving 8,868 tweets per second and ""Beyonce pregnant"" was the most Googled term the week of August 29, 2011.",What was Beyoncé's first performance at the 2011 MTV Video Music Awards,Love on Top
85,"In August, the couple attended the 2011 MTV Video Music Awards, at which Beyoncé performed ""Love on Top"" and started the performance saying ""Tonight I want you to stand up on your feet, I want you to feel the love that's growing inside of me"". At the end of the performance, she dropped her microphone, unbuttoned her blazer and rubbed her stomach, confirming her pregnancy she had alluded to earlier in the evening. Her appearance helped that year's MTV Video Music Awards become the most-watched broadcast in MTV history, pulling in 12.4 million viewers; the announcement was listed in Guinness World Records for ""most tweets per second recorded for a single event"" on Twitter, receiving 8,868 tweets per second and ""Beyonce pregnant"" was the most Googled term the week of August 29, 2011.",What year was the most-watched broadcast in MTV history?,2011 MTV Video Music Awards
86,"In August, the couple attended the 2011 MTV Video Music Awards, at which Beyoncé performed ""Love on Top"" and started the performance saying ""Tonight I want you to stand up on your feet, I want you to feel the love that's growing inside of me"". At the end of the performance, she dropped her microphone, unbuttoned her blazer and rubbed her stomach, confirming her pregnancy she had alluded to earlier in the evening. Her appearance helped that year's MTV Video Music Awards become the most-watched broadcast in MTV history, pulling in 12.4 million viewers; the announcement was listed in Guinness World Records for ""most tweets per second recorded for a single event"" on Twitter, receiving 8,868 tweets per second and ""Beyonce pregnant"" was the most Googled term the week of August 29, 2011.",What was Beyoncé's first performance at the 2011 MTV Video Music Awards,Love on Top
87,"In August, the couple attended the 2011 MTV Video Music Awards, at which Beyoncé performed ""Love on Top"" and started the performance saying ""Tonight I want you to stand up on your feet, I want you to feel the love that's growing inside of me"". At the end of the performance, she dropped her microphone, unbuttoned her blazer and rubbed her stomach, confirming her pregnancy she had alluded to earlier in the evening. Her appearance helped that year's MTV Video Music Awards become the most-watched broadcast in MTV history, pulling in 12.4 million viewers; the announcement was listed in Guinness World Records for ""most tweets per second recorded for a single event"" on Twitter, receiving 8,868 tweets per second and ""Beyonce pregnant"" was the most Googled term the week of August 29, 2011.",What year's most-watched broadcast in MTV history?,12.4 million
88,"In August, the couple attended the 2011 MTV Video Music Awards, at which Beyoncé performed ""Love on Top"" and started the performance saying ""Tonight I want you to stand up on your feet, I want you to feel the love that's growing inside of me"". At the end of the performance, she dropped her microphone, unbuttoned her blazer and rubbed her stomach, confirming her pregnancy she had alluded to earlier in the evening. Her appearance helped that year's MTV Video Music Awards become the most-watched broadcast in MTV history, pulling in 12.4 million viewers; the announcement was listed in Guinness World Records for ""most tweets per second recorded for a single event"" on Twitter, receiving 8,868 tweets per second and ""Beyonce pregnant"" was the most Googled term the week of August 29, 2011.","What word was the most Googled term the week of August 29, 2011?",Beyonce pregnant
89,"On January 7, 2012, Beyoncé gave birth to a daughter, Blue Ivy Carter, at Lenox Hill Hospital in New York under heavy security. Two days later, Jay Z released ""Glory"", a song dedicated to their child, on his website Lifeandtimes.com. The song detailed the couple's pregnancy struggles, including a miscarriage Beyoncé suffered before becoming pregnant with Blue Ivy. Blue Ivy's cries are included at the end of the song, and she was officially credited as ""B.I.C."" on it. At two days old, she became the youngest person ever to appear on a Billboard chart when ""Glory"" debuted on the Hot R&B/Hip-Hop Songs chart.",What song dedicated to their child was released on Jay Z's website?,Lifeandtimes.com
90,"On January 7, 2012, Beyoncé gave birth to a daughter, Blue Ivy Carter, at Lenox Hill Hospital in New York under heavy security. Two days later, Jay Z released ""Glory"", a song dedicated to their child, on his website Lifeandtimes.com. The song detailed the couple's pregnancy struggles, including a miscarriage Beyoncé suffered before becoming pregnant with Blue Ivy. Blue Ivy's cries are included at the end of the song, and she was officially credited as ""B.I.C."" on it. At two days old, she became the youngest person ever to appear on a Billboard chart when ""Glory"" debuted on the Hot R&B/Hip-Hop Songs chart.",What song dedicated to their child?,Glory
91,"On January 7, 2012, Beyoncé gave birth to a daughter, Blue Ivy Carter, at Lenox Hill Hospital in New York under heavy security. Two days later, Jay Z released ""Glory"", a song dedicated to their child, on his website Lifeandtimes.com. The song detailed the couple's pregnancy struggles, including a miscarriage Beyoncé suffered before becoming pregnant with Blue Ivy. Blue Ivy's cries are included at the end of the song, and she was officially credited as ""B.I.C."" on it. At two days old, she became the youngest person ever to appear on a Billboard chart when ""Glory"" debuted on the Hot R&B/Hip-Hop Songs chart.",What was Beyoncé's birth date?,Blue Ivy Carter
92,"On January 7, 2012, Beyoncé gave birth to a daughter, Blue Ivy Carter, at Lenox Hill Hospital in New York under heavy security. Two days later, Jay Z released ""Glory"", a song dedicated to their child, on his website Lifeandtimes.com. The song detailed the couple's pregnancy struggles, including a miscarriage Beyoncé suffered before becoming pregnant with Blue Ivy. Blue Ivy's cries are included at the end of the song, and she was officially credited as ""B.I.C."" on it. At two days old, she became the youngest person ever to appear on a Billboard chart when ""Glory"" debuted on the Hot R&B/Hip-Hop Songs chart.",What was Blue Ivy Carter's name?,Lenox Hill Hospital
93,"On January 7, 2012, Beyoncé gave birth to a daughter, Blue Ivy Carter, at Lenox Hill Hospital in New York under heavy security. Two days later, Jay Z released ""Glory"", a song dedicated to their child, on his website Lifeandtimes.com. The song detailed the couple's pregnancy struggles, including a miscarriage Beyoncé suffered before becoming pregnant with Blue Ivy. Blue Ivy's cries are included at the end of the song, and she was officially credited as ""B.I.C."" on it. At two days old, she became the youngest person ever to appear on a Billboard chart when ""Glory"" debuted on the Hot R&B/Hip-Hop Songs chart.",What song dedicated to their child?,Glory
94,"On January 7, 2012, Beyoncé gave birth to a daughter, Blue Ivy Carter, at Lenox Hill Hospital in New York under heavy security. Two days later, Jay Z released ""Glory"", a song dedicated to their child, on his website Lifeandtimes.com. The song detailed the couple's pregnancy struggles, including a miscarriage Beyoncé suffered before becoming pregnant with Blue Ivy. Blue Ivy's cries are included at the end of the song, and she was officially credited as ""B.I.C."" on it. At two days old, she became the youngest person ever to appear on a Billboard chart when ""Glory"" debuted on the Hot R&B/Hip-Hop Songs chart.",What was Beyoncé's birth date?,Blue Ivy Carter
95,"On January 7, 2012, Beyoncé gave birth to a daughter, Blue Ivy Carter, at Lenox Hill Hospital in New York under heavy security. Two days later, Jay Z released ""Glory"", a song dedicated to their child, on his website Lifeandtimes.com. The song detailed the couple's pregnancy struggles, including a miscarriage Beyoncé suffered before becoming pregnant with Blue Ivy. Blue Ivy's cries are included at the end of the song, and she was officially credited as ""B.I.C."" on it. At two days old, she became the youngest person ever to appear on a Billboard chart when ""Glory"" debuted on the Hot R&B/Hip-Hop Songs chart.",What is the name of the song?,B.I.C.
96,"On January 7, 2012, Beyoncé gave birth to a daughter, Blue Ivy Carter, at Lenox Hill Hospital in New York under heavy security. Two days later, Jay Z released ""Glory"", a song dedicated to their child, on his website Lifeandtimes.com. The song detailed the couple's pregnancy struggles, including a miscarriage Beyoncé suffered before becoming pregnant with Blue Ivy. Blue Ivy's cries are included at the end of the song, and she was officially credited as ""B.I.C."" on it. At two days old, she became the youngest person ever to appear on a Billboard chart when ""Glory"" debuted on the Hot R&B/Hip-Hop Songs chart.",What was the birth date of Blue Ivy Carter?,"January 7, 2012"
97,"On January 7, 2012, Beyoncé gave birth to a daughter, Blue Ivy Carter, at Lenox Hill Hospital in New York under heavy security. Two days later, Jay Z released ""Glory"", a song dedicated to their child, on his website Lifeandtimes.com. The song detailed the couple's pregnancy struggles, including a miscarriage Beyoncé suffered before becoming pregnant with Blue Ivy. Blue Ivy's cries are included at the end of the song, and she was officially credited as ""B.I.C."" on it. At two days old, she became the youngest person ever to appear on a Billboard chart when ""Glory"" debuted on the Hot R&B/Hip-Hop Songs chart.",What was Beyoncé's birth date?,Blue Ivy Carter
98,"On January 7, 2012, Beyoncé gave birth to a daughter, Blue Ivy Carter, at Lenox Hill Hospital in New York under heavy security. Two days later, Jay Z released ""Glory"", a song dedicated to their child, on his website Lifeandtimes.com. The song detailed the couple's pregnancy struggles, including a miscarriage Beyoncé suffered before becoming pregnant with Blue Ivy. Blue Ivy's cries are included at the end of the song, and she was officially credited as ""B.I.C."" on it. At two days old, she became the youngest person ever to appear on a Billboard chart when ""Glory"" debuted on the Hot R&B/Hip-Hop Songs chart.",What song dedicated to their child?,Glory
99,"On January 7, 2012, Beyoncé gave birth to a daughter, Blue Ivy Carter, at Lenox Hill Hospital in New York under heavy security. Two days later, Jay Z released ""Glory"", a song dedicated to their child, on his website Lifeandtimes.com. The song detailed the couple's pregnancy struggles, including a miscarriage Beyoncé suffered before becoming pregnant with Blue Ivy. Blue Ivy's cries are included at the end of the song, and she was officially credited as ""B.I.C."" on it. At two days old, she became the youngest person ever to appear on a Billboard chart when ""Glory"" debuted on the Hot R&B/Hip-Hop Songs chart.",What is Blue Ivy's cries?,Blue Ivy's cries
